类型,station_id,经度,纬度
关闭,MA5DT8Q54_4401840051,113.702821,23.690747
关闭,313744932_3413,113.239207,23.19439
关闭,914401153_JT0045,113.217082,23.363041
关闭,914401153_59770002,113.333823,23.000329
关闭,101437000_25947,113.204188,23.116217
关闭,MA5DT8Q54_4401830041,113.670476,23.191929
关闭,101437000_24229,113.204185,23.116217
关闭,313744932_3408,113.548495,23.128645
关闭,MA5DT8Q54_4401150004,113.581861,22.77151
关闭,MA5DT8Q54_4401130023,113.452144,22.990803
关闭,MA5DT8Q54_4401130024,113.453283,22.99118
关闭,MA5DT8Q54_4401830049,113.671192,23.190844
关闭,914401153_JT0145,113.235555,23.141246
关闭,A5250LL0A_20-099,113.53047,23.06765
关闭,A5250LL0A_20-098,113.352968,23.168979
关闭,914401153_JT0100,113.321326,23.120687
关闭,MA0019FW4_GZYY-BYSF-020-0010,113.281281,23.197834
关闭,673457030_3,113.227204,23.141729
关闭,67345703X_3,113.227204,23.141729
关闭,101437000_5428,113.199503,23.116763
关闭,914401153_JT0096,113.255643,23.128971
关闭,673457030_37,113.228005,23.074443
关闭,395815801_4401130033,113.404503,23.053473
关闭,MA5CKUWK5_004798688d964da1b99032a5a0f454c2,113.208813,23.075484
关闭,MA0019FW4_GZYY-GZXM-020-0029,113.258137,23.221877
关闭,349861452_GZYY-GZXM-020-0029,113.258137,23.221877
关闭,914401153_11530003,113.366954,23.102909
关闭,395815801_4401110059,113.268434,23.206579
关闭,313744932_1376,113.349668,23.254231
关闭,395815801_4401130008,113.360046,22.978108
关闭,67345703X_4,113.360659,23.325367
关闭,673457030_4,113.360659,23.325367
关闭,313744932_335,113.177275,23.06893
关闭,A5250LL0A_20-105,113.397658,22.943028
关闭,A5250LL0A_20-053,113.584841,22.760695
关闭,A5250LL0A_20-054,113.585104,22.760572
关闭,395815801_4401030001,113.227372,23.069645
关闭,A5250LL0A_20-155,113.23287,23.502849
关闭,101437000_17407,113.287273,23.138991
关闭,MA5DT8Q54_4401110594,113.388036,23.309919
关闭,313744932_789,113.298778,23.220959
关闭,313744932_2355,113.227898,23.071733
关闭,395815801_4401140003,113.22491,23.38733
关闭,395815801_4401060022,113.36324,23.127203
关闭,673457030_10,113.56686,23.09535
关闭,67345703X_10,113.56686,23.09535
关闭,313744932_506,113.235314,23.212132
关闭,101437000_8431,113.360286,22.92003
关闭,MA1MY0GF9_65491,113.281899,22.913293
关闭,101437000_16535,113.347268,22.989867
关闭,231227827_886,113.215891,23.409236
关闭,67345703X_23,113.262735,23.126654
关闭,101437000_20878,113.227642,23.081511
关闭,MA1MY0GF9_37085,113.223365,23.194264
关闭,313744932_97,113.245349,23.174136
关闭,313744932_447,113.328914,22.994719
关闭,MA1MY0GF9_50066,113.286943,22.90938
关闭,MA5CKUWK5_dca08498818e4ff4afa132af544d55b2,113.195605,23.429892
关闭,726811355_304,113.309535,23.019505
关闭,313744932_61,113.319993,23.168469
关闭,313744932_2929,113.30191,23.225783
关闭,313744932_3222,113.339118,23.18449
关闭,101437000_21946,113.229421,23.198731
关闭,313744932_2571,113.250322,23.163123
关闭,MA5CKUWK5_843bd54165f041e98fdf196611ab05b9,113.40983,23.193019
关闭,313744932_1087,113.249911,23.251988
关闭,395815801_4401110003,113.244431,23.197476
关闭,395815801_4401120012,113.514368,23.06076
关闭,MA1FP0228_11123,113.342076,23.152198
关闭,MA59CU773_132519,113.456623,23.112874
关闭,395815801_4401060010,113.329365,23.143562
关闭,MA5DT8Q54_440113157,113.306746,22.968814
关闭,67345703X_13,113.569955,22.811539
关闭,673457030_13,113.569955,22.811539
关闭,MA0019FW4_GZYY-DXCZ-020-0006,113.401083,23.056019
关闭,349861452_GZYY-DXCZ-020-0006,113.401083,23.056019
关闭,MA0019FW4_GZYY-DYSW-020-0005,113.396951,23.116897
关闭,349861452_GZYY-DYSW-020-0005,113.396951,23.116897
关闭,313744932_899,113.248675,23.165911
关闭,MA526R2T4_101791669710001,113.626043,23.496067
关闭,320513112_20-283,113.195611,23.40334
关闭,313744932_878,113.328943,22.994211
关闭,A5250LL0A_20-214,113.203296,23.392158
关闭,101437000_18539,113.366251,22.961301
关闭,A5250LL0A_20-213,113.211811,23.389046
关闭,MA1MY0GF9_53690,113.395736,22.993594
关闭,320513112_20-246,113.218875,23.38979
关闭,914401153_JT0143,113.53777,23.113013
关闭,313744932_478,113.281077,23.247335
关闭,088669285_CSN19092300022,113.203621,23.401147
关闭,313744932_11633,113.24331,23.126825
关闭,395815801_4401110027,113.282972,23.240748
关闭,MA59CU773_147428,113.222843,23.503057
关闭,67345703X_9,113.271947,23.16177
关闭,673457030_9,113.271947,23.16177
关闭,313744932_1704,113.270362,23.233363
关闭,A5250LL0A_20-503,113.29279,23.105193
关闭,313744932_1384,113.207918,23.238054
关闭,313744932_398,113.367656,23.044376
关闭,088669285_CSN19092300023,113.223854,23.407468
关闭,101437000_24715,113.546761,22.795819
关闭,320513112_20-281,113.4555,22.885804
关闭,MA0019FW4_GZYY-SYNH-020-0003,113.325635,23.021892
关闭,313744932_17,113.340693,23.177589
关闭,MA0019FW4_GZYY-CHCY-020-0004,113.235854,23.166429
关闭,349861452_GZYY-CHCY-020-0004,113.235854,23.166429
关闭,395815801_4401180005,113.663766,23.130467
关闭,101437000_20876,113.377302,23.09905
关闭,MA4KUHJ97_NIO6025b1f81a6f9a46,113.333726,23.139329
关闭,313744932_733,113.31266,23.274265
关闭,313744932_794,113.296819,23.229378
关闭,MA5DT8Q54_4401130705,113.270765,22.963593
关闭,395815801_4401180013,113.590265,23.156629
关闭,914401153_11530024,113.341852,23.102264
关闭,313744932_1749,113.322437,23.169231
关闭,101437000_15267,113.373743,22.782765
关闭,313744932_11745,113.276613,23.211954
关闭,320513112_20-270,113.601244,23.188047
关闭,320513112_20-269,113.601363,23.188055
关闭,313744932_2594,113.354195,23.186855
关闭,320513112_20-277,113.21825,23.362885
关闭,395815801_4401130007,113.34423,22.94232
关闭,MA59J8YL8_5dc7b25c73ff4cfc,113.489487,22.857123
关闭,MA1MY0GF9_53408,113.286781,22.916048
关闭,101437000_3760,113.234988,23.207106
关闭,MA59P1AN5_6578,113.234988,23.207106
关闭,313744932_3783,113.40417,23.049419
关闭,320513112_20-268,113.601247,23.184599
关闭,67345703X_16,113.622962,23.177255
关闭,673457030_16,113.622962,23.177255
关闭,313744932_2786,113.297184,23.229011
关闭,313744932_2422,113.401992,23.158157
关闭,MA59CU773_119677,113.387168,23.126553
关闭,673457030_31,113.387168,23.126553
关闭,313744932_339,113.234993,23.212477
关闭,101437000_19367,113.183565,23.070899
关闭,313744932_1490,113.576397,23.113475
关闭,395815801_4401060029,113.397641,23.115796
关闭,MA1MY0GF9_67637,113.283817,22.915851
关闭,395815801_4401130009,113.356046,22.977898
关闭,313744932_1582,113.355341,22.94173
关闭,726811355_3641,113.421906,22.97808
关闭,A5250LL0A_20-387,113.380368,22.783889
关闭,395815801_4401060030,113.414692,23.1128
关闭,MA0019FW4_GZYY-SSCC-020-0023,113.407171,23.051774
关闭,MA1MY0GF9_71093,113.272824,22.98349
关闭,395815801_4401030007,113.210425,23.054544
关闭,395815801_4401060042,113.369963,23.134554
关闭,395815801_4401060037,113.370289,23.134227
关闭,313744932_905,113.349445,23.254256
关闭,313744932_1452,113.251815,23.159438
关闭,313744932_2711,113.266376,23.217349
关闭,313744932_3172,113.235238,23.212134
关闭,914401153_JT0109,113.432862,23.152953
关闭,313744932_3555,113.283807,23.205985
关闭,313744932_2267,113.317356,23.144292
关闭,313744932_1377,113.248459,23.182027
关闭,313744932_1852,113.283066,23.259325
关闭,313744932_3048,113.298778,23.220959
关闭,A5250LL0A_20-434,113.451959,23.097215
关闭,313744932_3144,113.317516,23.151581
关闭,313744932_2340,113.311054,23.251566
关闭,395815801_4401030004,113.228877,23.078679
关闭,914401153_JT0002,113.225021,23.100614
关闭,A5250LL0A_20-407,113.437655,23.110178
关闭,395815801_4401140002,113.227532,23.474182
关闭,313744932_235,113.292822,23.217506
关闭,395815801_4401060002,113.400394,23.135954
关闭,320513112_20-133,113.540483,22.802761
关闭,313744932_1691,113.253755,23.240658
关闭,313744932_504,113.262256,23.138408
关闭,313744932_2447,113.377441,22.94289
关闭,914401153_0115,113.251267,23.109367
关闭,MA0019FW4_GZYY-BLTD-020-0014,113.530038,23.492588
关闭,914401153_JT0027,113.24101,23.13691
关闭,313744932_2862,113.446288,23.175044
关闭,A5250LL0A_20-446,113.420667,23.174263
关闭,313744932_2640,113.354096,23.186675
关闭,313744932_1064,113.419469,23.121983
关闭,313744932_1179,113.247041,23.249114
关闭,MA0019FW4_GZYY-DXBT-020-0019,113.367101,23.053251
关闭,395815801_4401030003,113.223708,23.092143
关闭,A5250LL0A_20-465,113.459095,23.100216
关闭,313744932_1723,113.286838,23.219492
关闭,313744932_320492,113.531627,23.134186
关闭,A5250LL0A_20-408,113.449225,23.108229
关闭,395815801_4401110035,113.293584,23.301179
关闭,313744932_3146,113.317516,23.151581
关闭,MA5DT8Q54_4401030145,113.24518,23.054903
关闭,101437000_13499,113.306718,23.289906
关闭,101437000_25909,113.229329,23.070669
关闭,313744932_320818,113.529824,23.134032
关闭,MA2KF49M9_MA5D3WP35_005,113.300643,23.294166
关闭,914401153_JT0026,113.517839,23.054052
关闭,313744932_2152,113.235322,23.212256
关闭,395815801_4401030010,113.232541,23.147803
关闭,MA5DT8Q54_4401060569,113.390585,23.197521
关闭,MA0019FW4_GZYY-BTCE-020-0024,113.369156,23.05599
关闭,313744932_1124,113.260091,23.200939
关闭,320513112_20-282,113.198008,23.383388
关闭,320513112_20-226,113.139157,23.373894
关闭,MA5CJRA40_104,113.325093,23.026908
关闭,313744932_100,113.267351,23.220001
关闭,914401153_JT0065,113.240439,23.268733
关闭,914401153_JT0108,113.521516,23.157632
关闭,313744932_1341,113.329062,22.994654
关闭,A5250LL0A_20-472,113.607728,23.12691
关闭,313744932_3156,113.317516,23.151581
关闭,313744932_2699,113.308014,23.0391
关闭,313744932_2323,113.262255,23.138403
关闭,313744932_2881,113.229814,23.163417
关闭,395815801_4401040024,113.302379,23.15931
关闭,395815801_4401180010,113.55581,23.12145
关闭,MA5DT8Q54_4401030147,113.23728,23.132478
关闭,313744932_2397,113.183184,23.441571
关闭,395815801_4401110018,113.219515,23.203466
关闭,313744932_428,113.29065,23.257128
关闭,313744932_2245,113.286722,23.219523
关闭,MA5DT8Q54_4961,113.46464,22.878228
关闭,320513112_20-221,113.334614,23.178296
关闭,395815801_4401180002,113.791968,23.279825
关闭,MA0019FW4_GZYY-HHZC-020-0001,113.335916,23.175402
关闭,320513112_20-220,113.335818,23.176573
关闭,313744932_2140,113.316621,23.154068
关闭,320513112_20-243,113.160532,23.466153
关闭,395815801_4401140006,113.228191,23.40773
关闭,313744932_2101,113.310443,23.12551
关闭,914401153_11530027,113.321209,23.160705
关闭,313744932_3149,113.317516,23.151581
关闭,A5250LL0A_20-429,113.181464,23.424026
关闭,313744932_3743,113.260102,23.197707
关闭,395815801_4401110068,113.294523,23.162205
关闭,MA4KUHJ97_NIOcc71f0b2b1267a63,113.217868,23.125482
关闭,313744932_3041,113.584127,23.524832
关闭,395815801_4401110006,113.234248,23.337904
关闭,395815801_4401130021,113.336448,22.97164
关闭,101437000_14125,113.20985,23.221819
关闭,395815801_4401110019,113.193278,23.232364
关闭,313744932_1986,113.419722,23.121944
关闭,101437000_16055,113.339892,22.837395
关闭,313744932_306,113.319547,23.126224
关闭,313744932_732,113.319547,23.126224
关闭,313744932_781,113.319547,23.126224
关闭,313744932_204,113.319547,23.126221
关闭,313744932_1524,113.319547,23.126221
关闭,313744932_1529,113.319539,23.126224
关闭,313744932_2162,113.267227,23.22001
关闭,313744932_3293,113.254555,23.157628
关闭,914401153_JT0022,113.325812,23.171756
关闭,313744932_2768,113.350352,22.960186
关闭,395815801_4401130019,113.366113,22.94096
关闭,231227827_885,113.215013,23.406456
关闭,MA59CU773_132231,113.37636,23.060718
关闭,MA5CJRA40_113,113.363087,22.99036
关闭,395815801_4401040028,113.247756,23.147896
关闭,A5250LL0A_20-439,113.59893,23.555308
关闭,MA0019FW4_GZYY-MTHG-020-0017,113.238103,23.200451
关闭,313744932_658,113.298771,23.283092
关闭,MA5APE392_LBHD06,113.223289,23.080403
关闭,395815801_4401060020,113.377722,23.217708
关闭,313744932_3157,113.317516,23.151581
关闭,313744932_3143,113.317516,23.151581
关闭,313744932_2496,113.310443,23.12551
关闭,MA5AUTPR9_8199,113.321771,23.206565
关闭,313744932_94,113.283332,23.259438
关闭,313744932_2048,113.253755,23.240658
关闭,320513112_20-014,113.357954,22.957644
关闭,320513112_20-263,113.231746,23.189832
关闭,313744932_251,113.282799,23.250028
关闭,324887859_6fe19e0dd6dd11e6a20100163e0027ca,113.339105,22.922885
关闭,320513112_20-245,113.179111,23.456183
关闭,101437000_21714,113.224875,23.199711
关闭,395815801_4401130010,113.42358,22.961556
关闭,313744932_1303,113.252409,23.247105
关闭,313744932_796,113.266041,23.217309
关闭,914401153_JT0131,113.22932,23.104653
关闭,313744932_356,113.279387,23.228969
关闭,313744932_8,113.420581,23.214792
关闭,395815801_4401060005,113.385622,23.140715
关闭,395815801_4401110051,113.254377,23.172976
关闭,MA59CU773_132520,113.457104,23.111936
关闭,313744932_1923,113.353968,23.186874
关闭,313744932_2046,113.353968,23.186731
关闭,A5250LL0A_20-438,113.422402,22.864045
关闭,349861452_GZYY-DXCZ-020-0022,113.400955,23.056268
关闭,313744932_258,113.250529,23.249526
关闭,313744932_429,113.421297,23.200263
关闭,313744932_1294,113.421288,23.20021
关闭,313744932_1807,113.409742,23.168008
关闭,313744932_437,113.409628,23.168003
关闭,313744932_678,113.321523,23.27905
关闭,395815801_4401180003,113.838071,23.298199
关闭,320513112_20-135,113.232696,23.104747
关闭,313744932_2930,113.296408,23.22121
关闭,313744932_1078,113.419499,23.121999
关闭,914401153_JT0057,113.268559,23.174203
关闭,A5250LL0A_20-440,113.771468,23.746001
关闭,914401153_JT0007,113.234613,23.183225
关闭,395815801_4401130048,113.283969,22.895171
关闭,313744932_1661,113.374767,23.128248
关闭,A5250LL0A_20-441,113.771876,23.745853
关闭,395815801_4401110047,113.299993,23.235285
关闭,914401153_JT0107,113.511887,23.130576
关闭,395815801_4401030016,113.210425,23.054544
关闭,MA0019FW4_GZYY-JHDS-020-0012,113.277149,23.241689
关闭,349861452_GZYY-JHDS-020-0012,113.277149,23.241689
关闭,101437000_15473,113.600615,23.538842
关闭,A5250LL0A_20-442,113.773359,23.746491
关闭,395815801_4401050010,113.247515,23.099002
关闭,395815801_4401110020,113.287881,23.337323
关闭,313744932_2591,113.262198,23.21387
关闭,313744932_324,113.383378,22.979239
关闭,395815801_4401050009,113.298798,23.074585
关闭,313744932_1637,113.383413,22.979197
关闭,313744932_383,113.318243,23.145175
关闭,MA5DT8Q54_4401140102,113.214762,23.406903
关闭,395815801_4401110071,113.268373,23.208853
关闭,313744932_191,113.470348,22.879235
关闭,313744932_2219,113.326298,23.021625
关闭,313744932_1478,113.326224,23.021593
关闭,313744932_3220,113.334544,23.099998
关闭,395815801_4401110011,113.264471,23.215755
关闭,313744932_343,113.252281,23.142391
关闭,313744932_2381,113.258199,23.206299
关闭,313744932_11747,113.276038,23.211972
关闭,313744932_1560,113.315597,23.138298
关闭,313744932_2958,113.292777,23.217516
关闭,914401153_JT0017,113.277972,23.215317
关闭,MA59CU773_296207,113.187304,23.148827
关闭,313744932_3034,113.408788,23.226154
关闭,914401153_JT0024,113.260262,23.204926
关闭,914401153_JT0060,113.333275,23.21226
关闭,313744932_2174,113.320358,23.168084
关闭,395815801_4401110048,113.254251,23.172943
关闭,313744932_1869,113.725761,23.700505
关闭,726811355_5410,113.398019,23.169163
关闭,313744932_1310,113.228423,23.166647
关闭,313744932_1943,113.318385,23.145381
关闭,A5250LL0A_20-585,113.228825,23.399894
关闭,395815801_4401060015,113.321568,23.148307
关闭,MA5DT8Q54_4401060495,113.404409,23.193876
关闭,914401153_JT0010,113.251343,23.24875
关闭,395815801_4401060013,113.313816,23.123167
关闭,MA4KUHJ97_NIO24c8697f50932964,113.254285,23.083999
关闭,395815801_4401030006,113.240658,23.093034
关闭,313744932_248,113.576397,23.113475
关闭,313744932_3219,113.250399,23.16308
关闭,914401153_JT0020,113.54766,23.117218
关闭,914401153_11530009,113.266504,23.161455
关闭,914401153_JT0055,113.301245,23.003884
关闭,395815801_4401130051,113.478962,23.052554
关闭,313744932_423,113.253372,23.142502
关闭,313744932_228,113.253273,23.14199
关闭,313744932_1750,113.253265,23.142517
关闭,313744932_1912,113.421746,23.214354
关闭,313744932_1013,113.721929,23.203174
关闭,914401153_JT0028,113.269079,23.081908
关闭,726811355_531,113.332781,22.91815
关闭,101437000_11809,113.18518,23.071715
关闭,395815801_4401170006,113.672094,23.675942
关闭,313744932_456,113.318281,23.14514
关闭,A5250LL0A_20-403,113.571589,23.558578
关闭,313744932_717,113.25199,23.159087
关闭,MA5DT8Q54_4401130569,113.31338,22.935748
关闭,MA5DT8Q54_4401130570,113.31338,22.935748
关闭,313744932_1510,113.362171,23.015499
关闭,395815801_4401060051,113.412474,23.115035
关闭,313744932_1948,113.247051,23.354425
关闭,395815801_4401060014,113.385266,23.140667
关闭,A5250LL0A_20-409,113.568203,23.557297
关闭,MA0019FW4_GZYY-GZYD-020-0018,113.252024,23.052795
关闭,A5250LL0A_20-474,113.567558,23.561679
关闭,395815801_4401130027,113.313315,22.970698
关闭,A5250LL0A_20-414,113.272243,23.444384
关闭,MA5DT8Q54_4401130015,113.489952,22.908283
关闭,MA59CU773_132518,113.37539,23.061639
关闭,MA5DT8Q54_4401130571,113.33526,22.912107
关闭,313744932_1625,113.188127,23.149982
关闭,313744932_2342,113.250047,23.065686
关闭,313744932_3202,113.33876,23.185367
关闭,313744932_2041,113.288212,23.34563
关闭,395815801_4401030015,113.222055,23.098763
关闭,395815801_4401130036,113.304743,23.032679
关闭,395815801_4401130037,113.363508,22.948548
关闭,MA0019FW4_GZYY-HRDS-020-0008,113.285711,23.127114
关闭,MA59CU773_131151,113.281623,23.14017
关闭,313744932_2155,113.294799,23.309682
关闭,MA5DT8Q54_4401130021,113.272315,22.960169
关闭,MA59J8YL8_495651d56636138f,113.288129,23.068596
关闭,MA59J8YL8_22d0ecad08aa0401,113.288168,23.068619
关闭,395815801_4401110065,113.258629,23.202631
关闭,320513112_20-287,113.351336,23.259089
关闭,313744932_705,113.321223,23.038162
关闭,395815801_4401110055,113.254688,23.172685
关闭,914401153_JT0021,113.303656,23.011633
关闭,MA5D3XCP5_GZJS0001,113.345279,22.8612
关闭,MA5DT8Q54_4401050009,113.24536,23.101198
关闭,MA5DT8Q54_4401060454,113.308202,23.161046
关闭,MA5DT8Q54_4401050013,113.409428,23.074135
关闭,395815801_4401110039,113.279596,23.239885
关闭,101437000_4722,113.338822,22.856428
关闭,MA59P1AN5_7605,113.338822,22.856428
关闭,MA0019FW4_GZYY-FLGC-020-0016,113.447047,23.116606
关闭,395815801_4401110073,113.227991,23.213339
关闭,313744932_320175,113.155231,23.403219
关闭,MA4KUHJ97_NIO6d195fdebd85d54b,113.328737,22.938398
关闭,313744932_11698,113.321395,23.124632
关闭,101437000_18421,113.342055,22.915668
关闭,313744932_132,113.271274,23.164163
关闭,101437000_15147,113.328489,22.834704
关闭,MA0019FW4_GZYY-YLXJ-020-0021,113.400284,23.042588
关闭,101437000_19923,113.3437,22.939499
关闭,313744932_1995,113.310443,23.12551
关闭,A5250LL0A_20-505,113.522234,22.781165
关闭,313744932_2965,113.298155,23.217995
关闭,395815801_4401110054,113.253711,23.173053
关闭,395815801_4401110052,113.254044,23.173102
关闭,395815801_4401110053,113.254125,23.173378
关闭,395815801_4401110056,113.254035,23.17301
关闭,395815801_4401110049,113.254251,23.172943
关闭,395815801_4401110050,113.254251,23.172943
关闭,313744932_1483,113.592345,23.554789
关闭,313744932_13214,113.316892,23.01572
关闭,313744932_351,113.229438,23.158342
关闭,313744932_2615,113.318385,23.145381
关闭,MA4KUHJ97_NIOf6415d3173105988,113.380502,23.075854
关闭,MA5DT8Q54_4401130149,113.261399,22.974167
关闭,313744932_237,113.311552,23.137017
关闭,726811355_225,113.347905,22.913601
关闭,313744932_2053,113.319507,23.150974
关闭,313744932_2896,113.319773,23.150995
关闭,313744932_12962,113.294093,23.314006
关闭,67345703X_6,113.348606,23.055918
关闭,673457030_6,113.348606,23.055918
关闭,67345703X_24,113.311343,23.117624
关闭,MA59TULR9_4401130009,113.330908,22.899192
关闭,101437000_11605,113.254832,23.168695
关闭,313744932_12892,113.250425,23.236554
关闭,313744932_3049,113.313239,23.258485
关闭,395815801_4401110021,113.262317,23.197811
关闭,395815801_4401130001,113.333786,22.940951
关闭,MA5DT8Q54_4401040010,113.303371,23.131512
关闭,726811355_204,113.307486,22.980922
关闭,101437000_15891,113.217896,23.12537
关闭,320513112_20-008,113.321585,23.123451
关闭,395815801_4401050012,113.337332,23.101058
关闭,MA5DT8Q54_4401130150,113.259999,22.973042
关闭,313744932_694,113.246231,23.256687
关闭,914401153_JT0012,113.325075,23.120399
关闭,MA4KUHJ97_NIOdcf7ddf31da0bc83,113.340834,23.102275
关闭,313744932_12171,113.373926,23.106753
关闭,914401153_JT0015,113.377463,23.014162
关闭,320513112_20-224,113.369724,22.916728
关闭,320513112_20-286,113.360415,22.979967
关闭,101437000_15537,113.345345,22.985379
关闭,101437000_4396,113.350003,22.973477
关闭,MA5DT8Q54_4401140061,113.061915,23.315518
关闭,101437000_142,113.224438,23.079823
关闭,395815801_4401130004,113.360333,22.977562
关闭,914401153_JT0011,113.330955,23.136655
关闭,914401153_JT0120,113.360107,23.100511
关闭,MA5AK2NB6_69,113.371539,23.144441
关闭,MA5DT8Q54_4401180181,113.719274,23.219669
关闭,914401153_JT0074,113.47719,23.09041
关闭,914401153_JT0157,113.281024,23.333027
关闭,101437000_13501,113.295584,23.294555
关闭,395815801_4401110075,113.26733,23.197581
关闭,313744932_12248,113.311866,23.118587
关闭,MA59J8YL8_19a962d25746f5bd,113.354302,22.959383
关闭,MA59J8YL8_34abcaad7af654e6,113.354309,22.959433
关闭,101437000_1682,113.423599,22.974233
关闭,349861452_GZYY-FLGC-020-0016,113.447047,23.116606
关闭,101437000_13639,113.362752,22.94447
关闭,313744932_12457,113.291425,23.344629
关闭,A5250LL0A_20-551,113.679998,23.636007
关闭,MA4KUHJ97_NIO11c0eadeb08debb5,113.187985,23.153052
关闭,313744932_3352,113.291307,23.347684
关闭,914401153_JT0013,113.574717,23.105789
关闭,MA5DT8Q54_440115250,113.380522,22.781592
关闭,313744932_3035,113.701633,23.69528
关闭,395815801_4401110016,113.301658,23.23606
关闭,914401153_JT0005,113.497238,22.959789
关闭,101437000_6660,113.384789,22.941544
关闭,395815801_4401110058,113.309895,23.251619
关闭,395815801_4401050006,113.323041,23.084171
关闭,MA59P1AN5_6550,113.228888,23.07153
关闭,395815801_4401110057,113.255022,23.169116
关闭,MA0019FW4_GZYY-JHSW-020-0011,113.371197,23.131869
关闭,101437000_2390,113.229395,23.072024
关闭,MA2KF49M9_MA5CP9T29_001,113.52468,22.788077
关闭,395815801_4401130050,113.481067,23.054264
关闭,MA4KUHJ97_NIOd0d82c592995c19a,113.312428,23.117292
关闭,101437000_9705,113.24735,23.359026
关闭,313744932_12435,113.253309,23.142404
关闭,MA5DT8Q54_4401130753,113.327679,23.008354
关闭,313744932_3051,113.296388,23.292451
关闭,313744932_2378,113.399428,23.123722
关闭,101437000_380,113.403589,22.946442
关闭,914401153_JT0046,113.527859,23.091699
关闭,673457030_77,113.227848,23.074357
关闭,726811355_2045,113.258972,23.238383
关闭,313744932_3167,113.611996,23.124484
关闭,MA5DT8Q54_4401050253,113.376007,23.070055
关闭,726811355_244,113.37401,22.937106
关闭,101437000_24993,113.311735,23.142848
关闭,395815801_4401060043,113.324258,23.122036
关闭,313744932_1117,113.288216,23.21621
关闭,MA5DT8Q54_4401110676,113.283144,23.157352
关闭,MA5DT8Q54_4401040070,113.29147,23.133224
关闭,914401153_JT0059,113.4155,23.177206
关闭,395815801_4401110022,113.327391,23.178505
关闭,395815801_4401130026,113.309346,22.985795
关闭,726811355_1867,113.385497,22.809278
关闭,726811355_206,113.424046,23.033803
关闭,MA59TULR9_4401010001,113.384987,22.809436
关闭,MA5DT8Q54_4401110684,113.337219,23.108099
关闭,313744932_1312,113.224704,23.06374
关闭,101437000_5698,113.464584,23.097902
关闭,313744932_2967,113.223341,23.280726
关闭,395815801_4401060035,113.404528,23.173487
关闭,MA1FP0228_11109,113.412313,23.122036
关闭,313744932_2653,113.36145,22.930812
关闭,395815801_4401050011,113.247516,23.099012
关闭,395815801_4401060006,113.310375,23.139005
关闭,313744932_12730,113.261115,23.082625
关闭,395815801_4401140001,113.135637,23.354774
关闭,914401153_JT0004,113.218712,23.362454
关闭,914401153_JT0087,113.218644,23.361989
关闭,313744932_3065,113.325789,23.098443
关闭,395815801_4401040031,113.257894,23.12777
关闭,A5250LL0A_20-405,113.486511,23.444291
关闭,MA5DT8Q54_4401150011,113.582058,22.770371
关闭,MA5DT8Q54_4401030067,113.196919,23.056492
关闭,313744932_508,113.239225,23.394551
关闭,395815801_4401130015,113.319876,23.038574
关闭,MA4KUHJ97_NIOe826169d208aae15,113.407048,23.172827
关闭,313744932_687,113.263899,23.212936
关闭,313744932_1844,113.249339,23.2097
关闭,395815801_4401140018,113.243968,23.372202
关闭,MA5AK2NB6_70,113.574125,23.113102
关闭,MA5DT8Q54_4401830060,113.772045,23.567114
关闭,313744932_3039,113.299287,23.236533
关闭,395815801_4401110017,113.280237,23.340999
关闭,MA5DT8Q54_4401030006,113.21906,23.076983
关闭,101437000_13415,113.299332,23.111443
关闭,101437000_20874,113.377302,23.09905
关闭,313744932_882,113.725959,23.700553
关闭,MA5DT8Q54_4401150261,113.362372,22.856315
关闭,313744932_3404,113.580158,23.613917
关闭,101437000_9763,113.339939,23.235324
关闭,914401153_JT0141,113.316652,22.971223
关闭,MA5AK2NB6_9,113.268027,23.219887
关闭,MA5DT8Q54_4401130566,113.485206,22.965553
关闭,395815801_4401140012,113.138651,23.38922
关闭,313744932_103,113.239382,23.394092
关闭,914401153_JT0077,113.22764,23.115418
关闭,313744932_1632,113.284415,23.342434
关闭,MA5DT8Q54_4401110285,113.404429,23.308618
关闭,673457030_47,113.270044,22.9896
关闭,914401153_JT0018,113.420645,23.200401
关闭,914401153_JT0049,113.344025,22.986361
关闭,914401153_JT0054,113.428223,23.191204
关闭,313744932_3068,113.816548,23.184746
关闭,395815801_4401060003,113.411654,23.177042
关闭,101437000_12471,113.254662,23.025438
关闭,313744932_13363,113.193178,23.399905
关闭,MA59CU773_142083,113.613423,23.155636
关闭,395815801_4401110026,113.297443,23.221575
关闭,395815801_4401030005,113.242566,23.125061
关闭,313744932_3568,113.351598,23.294529
关闭,395815801_4401030012,113.222098,23.098867
关闭,395815801_4401050007,113.252163,23.097244
关闭,395815801_4401130039,113.44935,22.946865
关闭,914401153_JT0078,113.227007,23.142656
关闭,914401153_JT0029,113.345172,22.985677
关闭,313744932_3084,113.520134,23.082294
关闭,MA59CU773_306640,113.346157,23.033855
关闭,914401153_JT0014,113.351518,23.258819
关闭,313744932_3081,113.850477,23.280927
关闭,395815801_4401130034,113.400163,23.042688
关闭,MA4KUHJ97_NIO5a07a151b4ab0ae7,113.370834,23.068728
关闭,MA5DT8Q54_4401140170,113.214646,23.38764
关闭,67345703X_2,113.367377,22.946753
关闭,673457030_2,113.367377,22.946753
关闭,MA59P1AN5_6544,113.518716,23.122812
关闭,313744932_11903,113.616873,23.596758
关闭,MA5AK2NB6_51,113.433924,23.157771
关闭,MA5DT8Q54_4401170103,113.642575,23.612411
关闭,914401153_JT0161,113.314048,23.098209
关闭,313744932_11945,113.367533,23.104771
关闭,914401153_JT0008,113.445605,23.162118
关闭,914401153_JT0156,113.445545,23.16207
关闭,101437000_28,113.291817,23.224818
关闭,395815801_4401110025,113.320775,23.190468
关闭,395815801_4401160007,113.519998,23.263103
关闭,914401153_JT0050,113.231637,23.393375
关闭,914401153_JT0006,113.537979,23.13179
关闭,313744932_475,113.254693,23.168573
关闭,313744932_1231,113.826888,23.324659
关闭,395815801_4401060049,113.322954,23.13223
关闭,395815801_4401060053,113.310415,23.138675
关闭,MA5DT8Q54_4401040138,113.251443,23.13402
关闭,313744932_1000,113.556609,23.621431
关闭,MA59CU773_139289,113.292306,23.219179
关闭,MA0019FW4_GZYY-JZJD-020-0009,113.554946,23.197299
关闭,349861452_GZYY-JZJD-020-0009,113.554946,23.197299
关闭,395815801_4401110036,113.241649,23.210272
关闭,MA5DT8Q54_440113567,113.387852,22.944933
关闭,MA59CU773_132232,113.459976,23.11391
关闭,313744932_1652,113.368431,22.941659
关闭,101437000_23797,113.654768,23.224374
关闭,MA4KUHJ97_NIO54f440e6edcad72f,113.283056,23.017731
关闭,395815801_4401030014,113.242123,23.12512
关闭,395815801_4401110012,113.295117,23.334345
关闭,395815801_4401110042,113.228156,23.21315
关闭,914401153_JT0025,113.206037,23.415394
关闭,313744932_13228,113.308903,23.056948
关闭,914401153_JT0003,113.238142,23.394741
关闭,MA5BE03R2_LYFH-0001,113.223961,23.079903
关闭,MA5DT8Q54_4401130019,113.302077,22.980419
关闭,673457030_115,113.250713,23.119066
关闭,MA59CU773_17245,113.244149,23.135843
关闭,673457030_111,113.244149,23.135843
关闭,395815801_4401040025,113.307552,23.120567
关闭,313744932_1918,113.453527,23.168597
关闭,914401153_JT0153,113.304688,23.269347
关闭,395815801_4401060055,113.315624,23.156768
关闭,395815801_4401110044,113.257614,23.220053
关闭,MA59CU773_293439,113.247327,23.12732
关闭,395815801_4401130047,113.355699,22.980185
关闭,395815801_4401110045,113.257614,23.220053
关闭,101437000_23493,113.36572,23.370885
关闭,914401153_JT0001,113.326787,23.203915
关闭,339767534_1105298946932350976,113.286195,23.014208
关闭,MA1MY0GF9_68532,113.41066,23.041714
关闭,914401153_JT0042,113.289807,23.061628
关闭,914401153_JT0068,113.289819,23.061616
关闭,MA5DT8Q54_4401110290,113.258756,23.185864
关闭,914401153_JT0023,113.240158,23.411458
关闭,101437000_23491,113.355818,23.37828
关闭,101437000_19845,113.339412,22.95049
关闭,MA5DT8Q54_4401120346,113.410439,23.166154
关闭,MA1MY0GF9_67575,113.238107,23.087374
关闭,914401153_JT0158,113.349,23.255063
关闭,673457030_28,113.471356,22.944579
关闭,313744932_12035,113.306464,23.023424
关闭,101437000_13341,113.368506,23.130151
关闭,MA5DA0053_000000001112,113.30201,23.008222
关闭,MA59CU773_84172,113.262389,23.126692
关闭,673457030_137,113.262389,23.126692
关闭,101437000_9757,113.277855,22.984876
关闭,101437000_7715,113.227988,23.220554
关闭,MA5DT8Q54_4401130018,113.3139,23.025819
关闭,726811355_544,113.330799,22.899333
关闭,914401153_JT0061,113.365317,23.083035
关闭,MA5DT8Q54_4401130020,113.306744,22.974356
关闭,MA51TJTF4_1759,113.307612,22.989654
关闭,395815801_4401140015,113.21166,23.435903
关闭,914401153_11530032,113.49135,23.583452
关闭,MA5DT8Q54_4401120015,113.498874,23.176693
关闭,395815801_4401110067,113.267093,23.203258
关闭,MA5DT8Q54_4401130016,113.510328,22.964286
关闭,101437000_274,113.210118,23.243338
关闭,914401153_JT0016,113.28613,23.137622
关闭,313744932_1107,113.298473,23.326662
关闭,313744932_2788,113.29863,23.327596
关闭,313744932_3372,113.833978,23.226025
关闭,313744932_12170,113.258972,23.203945
关闭,395815801_4401110040,113.269601,23.21688
关闭,MA59CU773_150191,113.544232,23.294025
关闭,914401153_JT0160,113.317075,23.098491
关闭,914401153_JT0119,113.222812,23.092537
关闭,MA5DT8Q54_4401150016,113.359589,22.860262
关闭,101437000_25183,113.588352,23.194086
关闭,914401153_JT0047,113.179661,23.452812
关闭,101437000_4940,113.296064,23.134816
关闭,395815801_4401130011,113.390711,22.986013
关闭,MA5DT8Q54_4401140167,113.233779,23.435804
关闭,313744932_2760,113.826995,23.32467
关闭,313744932_320878,113.462825,23.204756
关闭,313744932_3502,113.315106,23.120113
关闭,MA59CU773_298571,113.33211,23.030441
关闭,101437000_15175,113.178007,23.466334
关闭,395815801_4401150001,113.54013,22.766681
关闭,395815801_4401130044,113.378412,22.938746
关闭,395815801_4401120001,113.456368,23.103496
关闭,MA4KUHJ97_NIOce8329ff80d39e1d,113.366849,23.105292
关闭,MA4KUHJ97_NIO9b34bf54447a553b,113.34857,23.015685
关闭,MA59CU773_138986,113.359784,23.144058
关闭,MA5AK2NB6_68,113.501148,23.153722
关闭,313744932_321434,113.173191,23.235204
关闭,MA59J8YL8_327b2c850ca93a72,113.321964,23.088692
关闭,313744932_12085,113.312344,23.11753
关闭,914401153_JT0094,113.280636,23.333028
关闭,MA59CU773_304756,113.351931,22.927529
关闭,MA59CU773_17251,113.336978,23.129807
关闭,673457030_71,113.336978,23.129807
关闭,395815801_4401110038,113.279597,23.239884
关闭,101437000_11817,113.286107,23.261003
关闭,395815801_4401110028,113.189411,23.295167
关闭,MA4KUHJ97_NIOc5772fc5c2374f02,113.326733,23.167851
关闭,914401153_JT0052,113.189124,23.150242
关闭,101437000_15057,113.239789,23.445204
关闭,101437000_15059,113.239789,23.445204
关闭,313744932_715,113.715957,23.70134
关闭,320513112_20-285,113.549029,23.215959
关闭,MA0019FW4_GZYY-YGJD-020-0002,113.359822,23.125141
关闭,MA59CU773_17607,113.34306,23.172083
关闭,101437000_13071,113.261334,23.175189
关闭,MA5DT8Q54_4401140435,113.370707,23.420038
关闭,914401153_JT0056,113.169979,23.468305
关闭,MA0019FW4_GZYY-JLJD-020-0013,113.539348,23.100747
关闭,101437000_19483,113.261337,23.210807
关闭,349861452_GZYY-JLJD-020-0013,113.539348,23.100747
关闭,MA5DT8Q54_4401050307,113.40819,23.056463
关闭,395815801_4401170001,113.510128,23.579598
关闭,313744932_320991,113.283889,23.230008
关闭,914401153_JT0009,113.311395,23.142406
关闭,313744932_3747,113.614219,23.567203
关闭,395815801_4401050008,113.272996,23.08016
关闭,101437000_14533,113.348966,23.255208
关闭,914401153_JT0079,113.337499,23.121161
关闭,673457030_97,113.32373,23.145887
关闭,MA59CU773_59488,113.31671,23.144533
关闭,673457030_40,113.31671,23.144533
关闭,313744932_2200,113.283238,23.207688
关闭,101437000_14091,113.490137,22.964195
关闭,MA59CU773_140278,113.27531,22.988208
关闭,314930470_454,113.454298,23.152169
关闭,313744932_3746,113.816418,23.301264
关闭,395815801_4401060050,113.401457,23.153078
关闭,MA1FP0228_11399,113.327789,23.157755
关闭,395815801_4401110032,113.282924,23.225493
关闭,333599517_4401140000100070064,113.298083,23.437139
关闭,MA4KL69J6_4401140000100070064,113.298083,23.437139
关闭,395815801_4401120006,113.460895,23.139509
关闭,MA1MY0GF9_125151,113.587295,23.105066
关闭,673457030_72,113.354658,22.95978
关闭,313744932_11643,113.538983,23.582209
关闭,313744932_1660,113.364582,22.969692
关闭,MA59CU773_290880,113.325501,23.123786
关闭,101437000_18779,113.480721,23.179927
关闭,395815801_4401110024,113.281037,23.229395
关闭,MA59CU773_17256,113.263696,23.205144
关闭,673457030_70,113.263696,23.205144
关闭,MA59CU773_133334,113.432791,22.951505
关闭,914401153_JT0066,113.330296,23.136873
关闭,MA59CU773_12457,113.330412,23.136065
关闭,673457030_75,113.330412,23.136065
关闭,MA59CU773_146674,113.256229,23.196574
关闭,MA51TJTF4_1607,113.235241,23.260463
关闭,395815801_4401060008,113.357662,23.210777
关闭,313744932_3664,113.649879,23.645796
关闭,MA59CU773_136733,113.52687,23.095508
关闭,395815801_4401060016,113.323316,23.121146
关闭,MA5DT8Q54_4401130573,113.487219,23.02512
关闭,MA5DT8Q54_4401140164,113.170024,23.390469
关闭,914401153_JT0092,113.258944,23.208705
关闭,313744932_2654,113.277963,23.215562
关闭,313744932_3370,113.825732,23.28595
关闭,MA1FP0228_11158,113.375415,23.127315
关闭,313744932_1112,113.348912,22.994881
关闭,313744932_2419,113.382196,22.940665
关闭,MA59J8YL8_157755f179acded9,113.242613,23.267619
关闭,395815801_4401060012,113.312847,23.12353
关闭,395815801_4401110043,113.25663,23.189507
关闭,MA01DA4G2_4401130001,113.362543,22.973586
关闭,MA5DT8Q54_4401040136,113.287133,23.119892
关闭,MA59CU773_337710,113.377816,22.96018
关闭,A5250LL0A_20-577,113.53345,22.726188
关闭,313744932_321053,113.387599,22.890764
关闭,313744932_3269,113.8219,23.302291
关闭,MA5DT8Q54_4401050019,113.351526,23.099909
关闭,395815801_4401130041,113.374529,23.044363
关闭,101437000_4848,113.254832,23.168695
关闭,MA5DT8Q54_4401150017,113.324265,22.874899
关闭,320513112_20-161,113.366793,22.970272
关闭,313744932_3510,113.529074,23.494295
关闭,914401153_JT0133,113.284426,23.015714
关闭,914401153_JT0116,113.301663,23.004799
关闭,101437000_10923,113.301382,23.004683
关闭,101437000_25737,113.293611,23.272057
关闭,MA5APE392_LBHD04,113.400812,22.94424
关闭,554443284_1953,113.253906,23.101965
关闭,MA5DT8Q54_4401130568,113.289018,22.897223
关闭,MA5AK2NB6_81,113.253814,23.101874
关闭,MA9UTL161_6451,113.253948,23.10187
关闭,MA5DT8Q54_4401140431,113.050464,23.294216
关闭,MA5DT8Q54_4401130011,113.443431,23.045295
关闭,MA5DT8Q54_4401040139,113.294848,23.131915
关闭,MA5DT8Q54_4401060020,113.416099,23.182935
关闭,MA59J8YL8_0080167b7d3d72b6,113.416428,22.954105
关闭,MA59CU773_166728,113.399855,23.169618
关闭,MA5DT8Q54_4401130778,113.349055,23.017065
关闭,395815801_4401180001,113.840001,23.290933
关闭,MA5DT8Q54_4401040140,113.288041,23.124622
关闭,726811355_604,113.381497,22.929388
关闭,MA59TULR9_4401130014,113.381497,22.929388
关闭,101437000_10537,113.398159,22.944285
关闭,MA2KF49M9_MA5D3WP35_004,113.300643,23.294166
关闭,MA5DT8Q54_4401170250,114.002366,23.810361
关闭,MA59J8YL8_6162dbef2db7cd81,113.400064,23.042519
关闭,MA59CU773_17237,113.385525,23.118909
关闭,673457030_122,113.385525,23.118909
关闭,MA59J8YL8_0d668eb77bd6413f,113.529159,23.067479
关闭,MA5DT8Q54_4401840081,113.529118,23.513236
关闭,395815801_4401110041,113.228157,23.213149
关闭,313744932_12830,113.597169,23.548105
关闭,395815801_4401130055,113.367397,23.054889
关闭,914401153_JT0166,113.285164,23.0159
关闭,MA5DT8Q54_4401060492,113.354179,23.186748
关闭,MA5DT8Q54_4401140428,113.096399,23.316683
关闭,MA5DT8Q54_4401180102,113.661564,23.123725
关闭,MA59TULR9_440106002,113.398019,23.169163
关闭,MA59CU773_2081,113.311025,23.130087
关闭,673457030_133,113.311025,23.130087
关闭,313744932_1353,113.244476,23.179259
关闭,313744932_3083,113.623971,23.158393
关闭,313744932_3554,113.347721,23.27205
关闭,MA5DT8Q54_4401110027,113.255732,23.219793
关闭,MA5DT8Q54_4401150033,113.480388,22.735041
关闭,101437000_15287,113.387796,22.808487
关闭,101437000_10053,113.191732,23.156678
关闭,101437000_9669,113.39927,23.386754
关闭,MA5DT8Q54_4401030191,113.201688,23.056314
关闭,MA5DT8Q54_4401150258,113.601018,22.771931
关闭,MA5DT8Q54_4401830004,113.613061,23.119478
关闭,MA4KUHJ97_NIO91162739b479f1c5,113.229173,23.373441
关闭,313744932_13211,113.183965,23.436105
关闭,101437000_3852,113.21206,23.131962
关闭,MA5DT8Q54_4401150266,113.561848,22.803378
关闭,MA5DT8Q54_4401040071,113.296148,23.131166
关闭,MA59J8YL8_6d5d3a81316f08ce,113.185143,23.398808
关闭,MA1MY0GF9_62790,113.237936,23.083394
关闭,313744932_12209,113.376784,22.941446
关闭,101437000_15313,113.20985,23.221819
关闭,101437000_25757,113.466037,22.965608
关闭,359705330_56,113.33486,23.143458
关闭,101437000_7339,113.345831,23.248986
关闭,313744932_11854,113.205539,23.420154
关闭,MA59J8YL8_68827e45309c0415,113.292814,23.059007
关闭,101437000_9703,113.287993,23.270697
关闭,MA5DT8Q54_4401130004,113.32563,23.041779
关闭,313744932_1252,113.290512,23.224993
关闭,313744932_13458,113.772264,23.571265
关闭,101437000_19987,113.270848,22.978848
关闭,67345703X_641,113.427007,23.158956
关闭,914401153_JT0075,113.230988,23.113236
关闭,MA4KUHJ97_NIO34fb5771028d0a70,113.264726,23.12557
关闭,101437000_16043,113.235829,23.465851
关闭,MA59J8YL8_0d49b9de00bbac3a,113.419753,23.202153
关闭,313744932_3396,113.263923,23.215917
关闭,101437000_16037,113.235845,23.465924
关闭,313744932_11661,113.575611,23.541477
关闭,MA4KUHJ97_NIOf4ae8028bf695b09,113.281148,23.139743
关闭,395815801_4401130023,113.389593,22.917907
关闭,101437000_9755,113.397784,22.929956
关闭,101437000_2670,113.448087,22.956107
关闭,101437000_3670,113.344818,22.835215
关闭,101437000_17921,113.63273,23.125452
关闭,395815801_4401060052,113.412474,23.115035
关闭,101437000_4834,113.224418,23.079906
关闭,MA5DT8Q54_4401140427,113.209608,23.366509
关闭,395815801_4401040020,113.248225,23.149095
关闭,MA4KUHJ97_NIO0882aa8aaf8d2b72,113.222814,23.503065
关闭,395815801_4401050019,113.358167,23.098814
关闭,395815801_4401130046,113.304887,23.03215
关闭,MA5DT8Q54_4401130013,113.344469,22.993449
关闭,MA1MY0GF9_67441,113.229295,23.475391
关闭,395815801_4401110034,113.28784,23.344235
关闭,395815801_4401110091,113.440493,23.152037
关闭,MA5DT8Q54_4401140033,113.349237,23.453391
关闭,MA59P1AN5_6599,113.296064,23.134816
关闭,MA5DT8Q54_4401060494,113.326937,23.140898
关闭,395815801_4401130018,113.299154,23.045119
关闭,313744932_3321,113.701609,23.69532
关闭,101437000_9761,113.374841,23.134683
关闭,395815801_4401110029,113.295308,23.256025
关闭,101437000_1416,113.367296,23.090936
关闭,MA5DT8Q54_4401030065,113.22525,23.064014
关闭,313744932_1401,113.285728,23.223578
关闭,101437000_1366,113.351526,23.144241
关闭,395815801_4401060038,113.366768,23.12869
关闭,726811355_6266,113.361872,22.968331
关闭,313744932_1706,113.289893,23.34483
关闭,914401153_JT0126,113.366555,23.020015
关闭,313744932_3087,113.792914,23.187784
关闭,313744932_2709,113.394288,23.095845
关闭,MA5AK2NB6_62,113.617459,23.137523
关闭,101437000_9333,113.22471,23.20946
关闭,MA5DT8Q54_4401110221,113.306067,23.228417
关闭,MA5DT8Q54_4401140443,113.420131,23.406364
关闭,MA5DT8Q54_4401130012,113.389957,22.985587
关闭,914401153_JT0123,113.220501,23.171269
关闭,67345703X_283,113.253413,23.197434
关闭,MA5DT8Q54_4401180184,113.728413,23.16317
关闭,MA59CU773_337703,113.173054,23.425803
关闭,914401153_JT0030,113.365874,23.081194
关闭,MA5DT8Q54_4960,113.354347,23.099259
关闭,MA5DT8Q54_4401830043,113.711622,23.166629
关闭,101437000_14703,113.25423,23.241715
关闭,395815801_4401130045,113.347423,22.954254
关闭,101437000_3694,113.335149,23.11829
关闭,101437000_22550,113.278818,23.266259
关闭,MA59CU773_138954,113.317033,23.12047
关闭,101437000_20870,113.257227,23.3975
关闭,395815801_4401130005,113.379138,22.940066
关闭,MA5CTCHH5_234,113.254642,23.168551
关闭,313744932_857,113.725784,23.700488
关闭,MA0019FW4_GZYY-YLXJ-020-0025,113.400495,23.042227
关闭,101437000_9759,113.398669,22.9444
关闭,673457030_68,113.34306,23.172083
关闭,673457030_73,113.446845,23.171942
关闭,327562398_7208,113.21762,23.390165
关闭,726811355_493,113.342515,22.966442
关闭,MA59TULR9_4401130005,113.342585,22.966506
关闭,673457030_24,113.311749,23.117398
关闭,914401153_JT0048,113.273874,23.457339
关闭,MA59CU773_140279,113.340595,22.971163
关闭,101437000_14805,113.315473,23.256659
关闭,101437000_402,113.229747,23.172226
关闭,MA5DT8Q54_4401130563,113.315314,22.940251
关闭,MA5APE392_LBHD03,113.295658,22.97663
关闭,101437000_1354,113.295796,22.976521
关闭,MA5DT8Q54_4401140051,113.370024,23.42219
关闭,313744932_163,113.847211,23.355682
关闭,MA59CU773_140150,113.36297,22.978902
关闭,313744932_3164,113.847211,23.355682
关闭,101437000_16711,113.247104,23.252752
关闭,554443284_5319,113.20001,23.118728
关闭,914401153_JT0070,113.284377,23.015723
关闭,MA5DT8Q54_4401110681,113.464479,23.316357
关闭,MA5CJRA40_114,113.365447,22.91812
关闭,101437000_2544,113.522883,23.056037
关闭,914401153_JT0118,113.36366,22.921933
关闭,MA59P1AN5_6553,113.52318,23.056242
关闭,395815801_4401060007,113.421572,23.122971
关闭,MA5DT8Q54_4401150022,113.452039,22.852476
关闭,395815801_4401170002,113.638018,23.638606
关闭,MA4KUHJ97_NIO54bbcbba58b07d84,113.471168,23.182982
关闭,395815801_4401060054,113.310822,23.127153
关闭,313744932_12832,113.506612,23.578371
关闭,MA5AK2NB6_49,113.376448,23.082469
关闭,101437000_24419,113.382268,23.00663
关闭,MA1MY0GF9_101542,113.143346,23.477078
关闭,MA5AK2NB6_52,113.20001,23.118728
关闭,395815801_4401130030,113.35095,22.979899
关闭,101437000_21600,113.355818,23.37828
关闭,914401153_JT0084,113.395569,23.122481
关闭,MA1FP0228_11157,113.23873,23.397303
关闭,673457030_67,113.414339,23.118238
关闭,MA59TULR9_4401130015,113.421949,22.978539
关闭,320513112_20-117,113.537688,23.334708
关闭,MA1FP0228_10841,113.422248,23.198766
关闭,313744932_3271,113.811905,23.270409
关闭,MA59CU773_189930,113.271139,23.092207
关闭,359705330_106,113.298425,23.328613
关闭,101437000_211,113.431368,23.102188
关闭,313744932_2166,113.438477,23.190391
关闭,MA5DT8Q54_4401830061,113.76607,23.571807
关闭,101437000_22562,113.216996,23.123894
关闭,395815801_4401060056,113.371753,23.123214
关闭,101437000_2356,113.210949,23.09133
关闭,313744932_11682,113.819906,23.301102
关闭,914401153_JT0071,113.338348,23.142051
关闭,MA59CU773_141014,113.602175,23.163479
关闭,313744932_521,113.367469,23.358551
关闭,395815801_4401170005,113.706063,23.694016
关闭,101437000_16951,113.313287,23.077047
关闭,MA59TULR9_4401130008,113.348582,22.912898
关闭,395815801_4401130017,113.347423,22.954254
关闭,101437000_17175,113.261327,23.210787
关闭,101437000_12479,113.296286,23.01107
关闭,MA5DT8Q54_4401180100,113.615891,23.148265
关闭,101437000_10707,113.293203,23.081185
关闭,313744932_3069,113.816548,23.184814
关闭,101437000_12095,113.369946,22.94811
关闭,MA59CU773_141509,113.507607,23.162128
关闭,MA4KUHJ97_NIOb7ce2692c8d4849f,113.229378,23.434789
关闭,101437000_14697,113.254109,23.242501
关闭,914401153_55800002,113.39353,22.99432
关闭,395815801_4401130042,113.399465,22.963549
关闭,MA5DT8Q54_4401840076,113.592525,23.538376
关闭,MA5DT8Q54_4401150091,113.440434,22.792838
关闭,333599517_4401180000100070001,113.822151,23.235524
关闭,MA5DT8Q54_4401110214,113.257124,23.223512
关闭,MA5DT8Q54_4401110607,113.257124,23.223512
关闭,101437000_2750,113.37686,22.96005
关闭,673457030_18,113.2756,23.190447
关闭,MA1MY0GF9_26575,113.413998,22.958859
关闭,MA4KL69J6_4401180000100070001,113.822151,23.235524
关闭,395815801_4401060044,113.343126,23.180736
关闭,395815801_4401110009,113.457397,23.40608
关闭,MA5DT8Q54_4401180139,113.625982,23.121174
关闭,359705330_119,113.271206,22.991427
关闭,MA5DT8Q54_4401170102,113.890675,23.821983
关闭,MA5D6M131_6111,113.221113,23.170788
关闭,MA59J8YL8_4178a5b22ffe4fc7,113.289326,23.338847
关闭,101437000_7213,113.391349,22.923668
关闭,MA4KUHJ97_NIOc756e3778465690d,113.313708,23.173098
关闭,101437000_9119,113.391397,22.923564
关闭,MA59P1AN5_6549,113.210949,23.09133
关闭,313744932_3662,113.590827,23.555586
关闭,MA5DT8Q54_4401170117,113.72017,23.704408
关闭,101437000_10547,113.362933,23.028481
关闭,MA59TULR9_4401110001,113.258929,23.238265
关闭,914401153_JT0124,113.260245,23.128829
关闭,MA2KF49M9_MA5D3WP35_007,113.558839,22.753054
关闭,395815801_4401060021,113.411201,23.17731
关闭,101437000_14705,113.27945,23.239819
关闭,101437000_13497,113.559026,22.753192
关闭,101437000_27,113.205078,23.426462
关闭,MA1MY0GF9_101259,113.172591,23.448047
关闭,MA5D3XCP5_GZJS0002,113.319378,22.918149
关闭,MA5DT8Q54_4401180185,113.697907,23.227541
关闭,101437000_17789,113.309609,22.976567
关闭,MA59P1AN5_6560,113.319722,22.918062
关闭,359950395_GZ01ZJZ0003,113.294583,23.148597
关闭,101437000_23919,113.295119,23.148416
关闭,914401153_JT0031,113.316982,23.125784
关闭,101437000_25959,113.3834,22.933266
关闭,MA5DT8Q54_4401030146,113.247348,23.053586
关闭,395815801_4401150005,113.526141,22.791799
关闭,MA59CU773_141399,113.391057,22.938128
关闭,313744932_2561,113.33177,23.135881
关闭,914401153_JT0159,113.578571,23.1142
关闭,313744932_3355,113.2659,23.134011
关闭,MA59J8YL8_4d458f6f20afe441,113.289184,22.960852
关闭,914401153_JT0032,113.265756,23.358805
关闭,MA5DT8Q54_4401060021,113.399451,23.124586
关闭,313744932_3563,113.611074,23.14854
关闭,101437000_18363,113.350496,23.257395
关闭,914401153_JT0073,113.265799,23.35883
关闭,313744932_12087,113.601665,23.52945
关闭,101437000_12609,113.340508,23.249616
关闭,313744932_1417,113.393735,23.097501
关闭,313744932_12482,113.285779,23.137071
关闭,101437000_17425,113.258316,23.208893
关闭,MA5CYYPT-1_S16248759767741,113.40851,23.109398
关闭,726811355_2011,113.341567,22.928036
关闭,MA5CYYPT-1_S15925353138378,113.262173,23.081702
关闭,MA59CU773_12455,113.38737,23.126654
关闭,MA59TULR9_4401130007,113.341694,22.92757
关闭,673457030_56,113.38737,23.126654
关闭,101437000_5262,113.266375,23.189871
关闭,395815801_4401180006,113.78666,23.413823
关闭,MA1MY0GF9_101865,113.160676,23.476845
关闭,395815801_4401130049,113.283969,22.895171
关闭,395815801_4401060011,113.402607,23.123408
关闭,MA59CU773_138449,113.544231,23.10653
关闭,914401153_JT0149,113.320056,23.16858
关闭,MA0019FW4_GZYY-HTJD-020-0015,113.402607,23.386732
关闭,MA5DT8Q54_4401140058,113.10041,23.345162
关闭,MA5APE392_LBHD01,113.351526,23.144241
关闭,349861452_GZYY-HTJD-020-0015,113.402607,23.386732
关闭,101437000_11681,113.547377,23.103087
关闭,MA5DT8Q54_4401180346,113.677213,23.278571
关闭,101437000_10043,113.351107,23.018692
关闭,726811355_222,113.348623,22.912824
关闭,MA59RP5R2_440100008002,113.463262,23.166739
关闭,MA5DT8Q54_4401840063,113.528037,23.51087
关闭,313744932_1486,113.238217,23.398832
关闭,MA59P1AN5_6598,113.611277,23.546943
关闭,MA59CU773_141281,113.627949,23.126759
关闭,914401153_JT0086,113.310566,23.350845
关闭,101437000_4766,113.199219,23.116921
关闭,914401153_JT0140,113.28309,23.230152
关闭,MA5DT8Q54_4406060668,113.3695,23.064443
关闭,MA5DT8Q54_4401840010,113.502629,23.633312
关闭,313744932_712,113.47485,22.8748
关闭,MA5DT8Q54_4401140050,113.325291,23.437461
关闭,MA1MY0GF9_83576,113.151274,23.469075
关闭,914401153_JT0104,113.595985,23.129397
关闭,395815801_4401060034,113.404528,23.173486
关闭,101437000_7769,113.385722,23.14602
关闭,MA1MY0GF9_83240,113.167307,23.479715
关闭,MA5DT8Q54_4956,113.364018,23.195306
关闭,MA5DT8Q54_4401050252,113.272676,23.111032
关闭,MA5DT8Q54_4401150246,113.488962,22.739357
关闭,101437000_18289,113.321369,23.160686
关闭,MA5DT8Q54_4401170263,113.708542,23.700156
关闭,MA5DT8Q54_4401170252,113.580998,23.550288
关闭,MA5DT8Q54_4401060146,113.367106,23.194683
关闭,MA5DT8Q54_4401040013,113.300837,23.112731
关闭,MA1MY0GF9_83241,113.167587,23.480018
关闭,101437000_19817,113.310797,23.125373
关闭,101437000_6008,113.285263,23.224137
关闭,101437000_25343,113.875066,23.22572
关闭,MA5DT8Q54_4401840034,113.487886,23.442938
关闭,673457030_14,113.317373,23.144803
关闭,101437000_3740,113.390623,23.140713
关闭,MA59P1AN5_6576,113.390623,23.140713
关闭,MA5DT8Q54_4966,113.451218,22.854793
关闭,MA5CKFHPX_1889,113.344537,23.013497
关闭,101437000_2534,113.209693,23.42706
关闭,914401153_JT0051,113.317736,23.144322
关闭,101437000_11421,113.34458,23.013004
关闭,MA1MY0GF9_101260,113.150493,23.471023
关闭,101437000_11209,113.286268,23.015518
关闭,359705330_122,113.369872,22.917003
关闭,101437000_21334,113.324278,23.213449
关闭,313744932_13362,113.289868,23.438261
关闭,101437000_25063,113.214579,23.051117
关闭,914401153_JT0082,113.242007,23.382881
关闭,101437000_18355,113.44889,23.257454
关闭,313744932_3363,113.640315,23.122518
关闭,101437000_13713,113.177868,23.067948
关闭,MA5CKFHPX_1864,113.2874,23.016374
关闭,101437000_18907,113.284438,23.364998
关闭,MA5DT8Q54_4401840041,113.648633,23.64333
关闭,MA5DT8Q54_4401130005,113.485344,22.965312
关闭,101437000_24415,113.38083,23.012789
关闭,914401153_JT0110,113.195938,23.396043
关闭,MA5DT8Q54_4401150259,113.331528,22.869005
关闭,MA1MY0GF9_101262,113.196183,23.485617
关闭,MA59CU773_17616,113.55158,22.802077
关闭,304520582_aa2ba05e489543abbc3e5fad42e1867f,113.343389,23.191939
关闭,MA5DT8Q54_4401140445,113.414126,23.454979
关闭,MA5DT8Q54_4401060015,113.333619,23.136321
关闭,MA5DT8Q54_4401180188,113.82204,23.294404
关闭,101437000_9829,113.310444,22.969741
关闭,673457030_138,113.550811,22.802124
关闭,101437000_25021,113.386642,22.980929
关闭,101437000_2448,113.39359,22.994804
关闭,101437000_4764,113.263939,23.197588
关闭,101437000_398,113.431285,23.191399
关闭,MA59CU773_12340,113.367109,23.103095
关闭,MA5DT8Q54_4401180141,113.759888,23.568661
关闭,101437000_1420,113.356815,23.129528
关闭,MA59P1AN5_6530,113.356815,23.129528
关闭,076517946_561,113.619934,23.144737
关闭,359705330_51,113.273769,23.085093
关闭,914401153_JT0095,113.537809,23.112812
关闭,MA59J8YL8_4eb7b6fe4ec805ee,113.499644,23.171457
关闭,MA59NC942_6072,113.264423,23.197423
关闭,MA5DT8Q54_4401180093,113.898851,23.461696
关闭,MA5FGLRY4_112,113.367454,22.976833
关闭,101437000_2518,113.322348,23.027919
关闭,395815801_4401060045,113.343126,23.180736
关闭,MA5CJRA40_107,113.37697,22.998033
关闭,MA59J8YL8_5359a72f38e236ea,113.326039,23.274165
关闭,MA4KUHJ97_NIO970a6dd217ff262a,113.511859,22.831993
关闭,MA5DT8Q54_4401170247,113.908743,23.767904
关闭,MA59TULR9_4401120003,113.540709,23.131449
关闭,101437000_18821,113.210201,23.478041
关闭,101437000_11423,113.376597,22.959863
关闭,MA5AK2NB6_67,113.217541,23.3902
关闭,101437000_7121,113.598991,23.129894
关闭,101437000_11847,113.217637,23.390003
关闭,101437000_15187,113.288944,22.975624
关闭,MA59J8YL8_6a58ee4331d36942,113.225683,23.277723
关闭,395815801_4401030008,113.241966,23.124251
关闭,67345703X_642,113.444413,23.052008
关闭,MA59TULR9_4401120004,113.549034,23.128392
关闭,MA59P1AN5_6602,113.308346,23.088497
关闭,101437000_16811,113.307949,23.088433
关闭,MA59J8YL8_57ab012349ac325a,113.292667,22.966145
关闭,101437000_16607,113.393405,23.378131
关闭,101437000_15407,113.600615,23.538842
关闭,313744932_3080,113.694847,23.275746
关闭,101437000_6318,113.459739,23.044963
关闭,101437000_12677,113.343875,22.916381
关闭,101437000_4788,113.604447,23.542228
关闭,MA5DT8Q54_4401180331,113.619478,23.228506
关闭,101437000_14001,113.395331,23.382135
关闭,MA59RJTY6_275,113.214681,23.052
关闭,MA5DT8Q54_4401140448,113.164934,23.377907
关闭,914401153_JT0138,113.317736,23.144399
关闭,MA5DT8Q54_4401060570,113.395148,23.1942
关闭,313744932_2957,113.5465,23.112323
关闭,MA5DT8Q54_4401060013,113.36593,23.132429
关闭,395815801_4401170009,113.632888,23.631165
关闭,101437000_12001,113.202138,23.431363
关闭,101437000_13405,113.322959,23.176467
关闭,101437000_15535,113.323254,23.177265
关闭,MA59P1AN5_6563,113.249722,23.22113
关闭,MA5DT8Q54_4401130738,113.274563,22.958438
关闭,395815801_4401110030,113.295308,23.256025
关闭,MA4KUHJ97_NIO77a6a4966b25ccf0,113.379417,23.106247
关闭,101437000_9975,113.383068,22.966059
关闭,MA0XMCJQ3_STA000084,113.25986,23.365065
关闭,914401153_JT0134,113.303886,23.141935
关闭,313744932_320337,113.568312,22.799735
关闭,101437000_8175,113.26063,23.210737
关闭,MA4KUHJ97_NIOe6e4b114f50362ce,113.609378,22.77008
关闭,MA5DT8Q54_4401060028,113.334188,23.158073
关闭,914401153_JT0041,113.242802,23.267156
关闭,914401153_JT0081,113.325203,23.120419
关闭,101437000_7927,113.215349,23.48176
关闭,101437000_13069,113.460786,23.170218
关闭,101437000_2672,113.360001,23.006171
关闭,914401153_JT0064,113.42245,22.953933
关闭,101437000_11511,113.597757,23.547821
关闭,673457030_76,113.367109,23.103095
关闭,914401153_JT0067,113.278698,23.332666
关闭,MA5DT8Q54_4401030192,113.19891,23.066358
关闭,395815801_4401140011,113.29876,23.437898
关闭,359705330_61,113.333194,23.128757
关闭,MA4KUHJ97_NIOd03d3d1dfb26ccd3,113.636343,23.641386
关闭,MA4KUHJ97_NIO57869f4a590de8e0,113.315335,23.148777
关闭,101437000_108,113.26566,23.362721
关闭,101437000_25597,113.265538,23.362453
关闭,MA5DT8Q54_4401140166,113.057542,23.261824
关闭,101437000_1616,113.360149,23.029877
新增(路网节点),NEW,112.9846789,23.4437298
新增(路网节点),NEW,113.2557119,22.9980755
新增(路网节点),NEW,113.3855769,22.8211069
新增(路网节点),NEW,113.5030366,23.1913933
新增(路网节点),NEW,113.3061828,22.8667785
新增(路网节点),NEW,113.136015,23.3088281
新增(路网节点),NEW,113.5490633,23.0894836
新增(路网节点),NEW,113.4758607,23.2106127
新增(路网节点),NEW,113.4574621,23.6179257
新增(路网节点),NEW,113.089874,23.3108019
新增(路网节点),NEW,114.0028402,23.8512572
新增(路网节点),NEW,113.6655732,22.6544926
新增(路网节点),NEW,113.0101643,23.447691
新增(路网节点),NEW,113.1300117,23.4725495
新增(路网节点),NEW,113.2627775,23.2699515
新增(路网节点),NEW,113.3091328,23.5070112
新增(路网节点),NEW,113.8352405,23.8108616
新增(路网节点),NEW,113.6707428,22.6397474
新增(路网节点),NEW,113.8960101,23.4522826
新增(路网节点),NEW,113.6705794,22.6413456
新增(路网节点),NEW,113.6348629,23.3529726
新增(路网节点),NEW,113.6703546,22.6413346
新增(路网节点),NEW,113.2451824,23.5953978
新增(路网节点),NEW,113.7329797,23.3840474
新增(路网节点),NEW,113.6704265,22.6411851
新增(路网节点),NEW,113.4269701,23.4538859
新增(路网节点),NEW,113.6315594,23.3456361
新增(路网节点),NEW,113.8897019,23.4467621
新增(路网节点),NEW,113.7590487,23.7808514
新增(路网节点),NEW,113.6688431,22.6408655
新增(路网节点),NEW,113.2558609,23.5966849
新增(路网节点),NEW,113.6452979,23.360485
新增(路网节点),NEW,113.409889,23.6780841
新增(路网节点),NEW,113.6642233,22.6391359
新增(路网节点),NEW,113.6505066,23.3625197
新增(路网节点),NEW,113.2995197,23.5610586
新增(路网节点),NEW,113.4638211,23.5613891
新增(路网节点),NEW,113.8706449,23.4261644
新增(路网节点),NEW,113.2741096,23.5844938
新增(路网节点),NEW,113.7290663,23.3801428
新增(路网节点),NEW,113.6749714,22.6225613
新增(路网节点),NEW,113.4062001,23.6650733
新增(路网节点),NEW,113.6141297,23.3370413
新增(路网节点),NEW,113.5656505,22.6775479
新增(路网节点),NEW,113.8916416,23.4479308
新增(路网节点),NEW,113.5309447,23.4015914
新增(路网节点),NEW,113.268139,23.5870107
新增(路网节点),NEW,112.9960327,23.4501667
新增(路网节点),NEW,113.6641584,22.6393185
新增(路网节点),NEW,113.6576064,23.3666046
新增(路网节点),NEW,113.788704,23.140693
新增(路网节点),NEW,113.2888462,23.5488439
新增(路网节点),NEW,114.0258339,23.8591309
新增(路网节点),NEW,113.6233047,23.343011
新增(路网节点),NEW,113.4090999,23.6501728
新增(路网节点),NEW,113.7388138,23.3911878
新增(路网节点),NEW,113.666335,22.6518455
新增(路网节点),NEW,113.8653296,23.4252185
新增(路网节点),NEW,113.0022185,23.4503652
新增(路网节点),NEW,113.5653686,23.2997986
新增(路网节点),NEW,113.2772022,23.5840499
新增(路网节点),NEW,113.6405421,23.3507538
新增(路网节点),NEW,113.4089926,23.6501384
新增(路网节点),NEW,113.0120159,23.447133
新增(路网节点),NEW,113.8953896,23.4491592
新增(路网节点),NEW,113.6689428,22.6406781
新增(路网节点),NEW,113.7690193,23.1922299
新增(路网节点),NEW,113.7349036,23.3853688
新增(路网节点),NEW,113.2614627,23.5907862
新增(路网节点),NEW,113.5520127,22.8843421
新增(路网节点),NEW,113.760281,23.7804799
新增(路网节点),NEW,113.0344555,23.443904
新增(路网节点),NEW,113.7813836,23.1719859
新增(路网节点),NEW,113.4080565,23.7057197
新增(路网节点),NEW,113.531429,23.2815142
新增(路网节点),NEW,113.8715322,23.4292957
新增(路网节点),NEW,113.6437449,23.3487005
新增(路网节点),NEW,113.4449124,23.5066368
新增(路网节点),NEW,113.3059224,23.4913103
新增(路网节点),NEW,113.5518525,22.8865042
新增(路网节点),NEW,113.028852,23.4441837
新增(路网节点),NEW,113.5281303,23.279734
新增(路网节点),NEW,113.0903306,23.293964
新增(路网节点),NEW,113.2796726,23.5828928
新增(路网节点),NEW,113.6747179,22.6225107
新增(路网节点),NEW,113.4098965,23.6387132
新增(路网节点),NEW,113.6716907,23.3663042
新增(路网节点),NEW,113.8190824,23.1307777
新增(路网节点),NEW,113.5985346,22.6457422
新增(路网节点),NEW,113.0313514,23.4439817
新增(路网节点),NEW,113.913433,23.4839531
新增(路网节点),NEW,113.7517762,23.2792233
新增(路网节点),NEW,113.4580385,23.4338568
新增(路网节点),NEW,113.5347453,23.2847611
新增(路网节点),NEW,113.759823,23.2048553
新增(路网节点),NEW,113.7862185,23.4030283
新增(路网节点),NEW,113.4420722,23.5058969
新增(路网节点),NEW,113.6177639,23.3582436
新增(路网节点),NEW,113.0467501,23.3165416
新增(路网节点),NEW,113.4223815,23.4325459
新增(路网节点),NEW,113.2801419,23.5845243
新增(路网节点),NEW,113.052648,23.4429858
新增(路网节点),NEW,113.4411836,23.6030812
新增(路网节点),NEW,113.7778312,23.1736993
新增(路网节点),NEW,113.5537819,23.2916821
新增(路网节点),NEW,113.5292467,22.8871849
新增(路网节点),NEW,113.6255077,23.3303893
新增(路网节点),NEW,113.0624366,23.4455957
新增(路网节点),NEW,113.4255964,23.4498585
新增(路网节点),NEW,113.7894364,23.4036009
新增(路网节点),NEW,113.4546978,23.2566872
新增(路网节点),NEW,113.5401728,22.6969744
新增(路网节点),NEW,113.7552041,23.2013307
新增(路网节点),NEW,113.5881321,23.3100728
新增(路网节点),NEW,113.0725411,23.3127138
新增(路网节点),NEW,113.4103718,23.6372012
新增(路网节点),NEW,113.6645907,23.3686158
新增(路网节点),NEW,113.4555114,23.4359809
新增(路网节点),NEW,113.308112,23.5683362
新增(路网节点),NEW,113.6697542,22.6428998
新增(路网节点),NEW,113.5012107,23.2761272
新增(路网节点),NEW,113.0612614,23.445267
新增(路网节点),NEW,113.7737381,23.1979285
新增(路网节点),NEW,113.5220022,23.4091147
新增(路网节点),NEW,113.4079815,23.7079086
新增(路网节点),NEW,113.4224454,23.4376463
新增(路网节点),NEW,113.4403831,23.2614067
新增(路网节点),NEW,113.0440046,23.3153889
新增(路网节点),NEW,113.9253801,23.8354241
新增(路网节点),NEW,113.5826596,23.3090141
新增(路网节点),NEW,113.5157731,22.7131429
新增(路网节点),NEW,113.8781619,23.4288787
新增(路网节点),NEW,113.2999098,23.491644
新增(路网节点),NEW,113.7666249,23.206921
新增(路网节点),NEW,113.8655609,23.8101164
新增(路网节点),NEW,113.4696352,23.4249128
新增(路网节点),NEW,113.2736027,23.5918518
新增(路网节点),NEW,113.0211634,23.4454933
新增(路网节点),NEW,113.6289176,22.6321554
新增(路网节点),NEW,113.5007002,23.2762025
新增(路网节点),NEW,113.697962,23.3210389
新增(路网节点),NEW,113.4152303,23.4249614
新增(路网节点),NEW,113.7193401,23.1971182
新增(路网节点),NEW,113.6578912,22.650965
新增(路网节点),NEW,113.2828705,23.5007134
新增(路网节点),NEW,113.4650144,23.267185
新增(路网节点),NEW,113.4637771,23.4269874
新增(路网节点),NEW,113.9172551,23.4879835
新增(路网节点),NEW,113.0723767,23.4479461
新增(路网节点),NEW,113.6274294,23.3061582
新增(路网节点),NEW,113.7954245,23.4054681
新增(路网节点),NEW,113.4437057,23.5139722
新增(路网节点),NEW,113.4576118,23.2601228
新增(路网节点),NEW,113.7105553,23.1934846
新增(路网节点),NEW,114.0084055,23.8611513
新增(路网节点),NEW,113.6838384,23.3690644
新增(路网节点),NEW,113.5072336,23.4265802
新增(路网节点),NEW,113.2888456,23.4920477
新增(路网节点),NEW,113.5487165,23.2909997
新增(路网节点),NEW,113.5215105,22.708123
新增(路网节点),NEW,113.9338942,23.4786773
新增(路网节点),NEW,113.0490774,23.443083
新增(路网节点),NEW,113.7516822,23.198082
新增(路网节点),NEW,113.4645024,23.5847877
新增(路网节点),NEW,113.3929977,23.4530894
新增(路网节点),NEW,113.4794987,22.7804098
新增(路网节点),NEW,113.4688133,23.2225033
新增(路网节点),NEW,113.6245718,23.3031035
新增(路网节点),NEW,113.5155199,23.2769241
新增(路网节点),NEW,113.5119267,23.4253653
新增(路网节点),NEW,113.7403152,23.1991895
新增(路网节点),NEW,113.2760016,23.5215459
新增(路网节点),NEW,113.7569268,23.7824727
新增(路网节点),NEW,113.4194666,23.4275652
新增(路网节点),NEW,113.0792257,23.3104034
新增(路网节点),NEW,113.0682495,23.4464957
新增(路网节点),NEW,113.4680402,23.2704796
新增(路网节点),NEW,113.7471229,23.3940634
新增(路网节点),NEW,113.6210683,23.3548512
新增(路网节点),NEW,113.8497742,23.2069705
新增(路网节点),NEW,113.4244571,23.4413812
新增(路网节点),NEW,113.4522915,23.6634908
新增(路网节点),NEW,113.7864652,23.16044
新增(路网节点),NEW,113.3189108,23.4884538
新增(路网节点),NEW,113.5427218,22.6950477
新增(路网节点),NEW,113.4917951,22.7987829
新增(路网节点),NEW,113.4864334,23.4285304
新增(路网节点),NEW,113.4440238,23.2525148
新增(路网节点),NEW,113.7971352,23.4071035
新增(路网节点),NEW,113.0761392,23.4493778
新增(路网节点),NEW,113.5836633,23.3812736
新增(路网节点),NEW,113.2765104,23.5202842
新增(路网节点),NEW,113.412634,23.4523707
新增(路网节点),NEW,113.1004111,23.307607
新增(路网节点),NEW,113.7133124,23.1949407
新增(路网节点),NEW,113.4716336,22.8045594
新增(路网节点),NEW,113.654713,23.340501
新增(路网节点),NEW,113.8989142,23.4581728
新增(路网节点),NEW,113.9606338,23.8472281
新增(路网节点),NEW,113.7871546,23.1586718
新增(路网节点),NEW,113.4785092,23.2701414
新增(路网节点),NEW,113.0365115,23.3055239
新增(路网节点),NEW,113.0853174,23.4529014
新增(路网节点),NEW,113.5545629,22.6921047
新增(路网节点),NEW,113.4527421,23.5940035
新增(路网节点),NEW,113.5165519,23.4128311
新增(路网节点),NEW,113.2855273,23.4869234
新增(路网节点),NEW,113.3935391,23.4560894
新增(路网节点),NEW,113.4572682,22.8246444
新增(路网节点),NEW,113.7018958,23.501463
新增(路网节点),NEW,113.6670351,23.7121958
新增(路网节点),NEW,113.7140099,23.1957278
新增(路网节点),NEW,113.4556947,23.4400873
新增(路网节点),NEW,113.3187067,23.5731521
新增(路网节点),NEW,113.7261097,23.3756026
新增(路网节点),NEW,113.6055004,23.2853686
新增(路网节点),NEW,113.8915893,23.4346371
新增(路网节点),NEW,113.0431345,23.4409429
新增(路网节点),NEW,113.4720645,22.8043326
新增(路网节点),NEW,113.4079065,23.7130624
新增(路网节点),NEW,113.3493429,23.4576217
新增(路网节点),NEW,113.6093251,23.3627011
新增(路网节点),NEW,113.7708298,23.1832016
新增(路网节点),NEW,113.1975711,23.3097053
新增(路网节点),NEW,113.4427055,22.8476787
新增(路网节点),NEW,113.3031773,23.4851992
新增(路网节点),NEW,113.0929084,23.4555815
新增(路网节点),NEW,113.5410008,23.2878287
新增(路网节点),NEW,113.4531253,22.8312657
新增(路网节点),NEW,113.4088572,23.4565848
新增(路网节点),NEW,113.4966313,22.7958832
新增(路网节点),NEW,113.5189871,22.7178282
新增(路网节点),NEW,113.4156308,23.3873192
新增(路网节点),NEW,113.1303059,23.3140801
新增(路网节点),NEW,113.9127167,23.4946794
新增(路网节点),NEW,113.7365262,23.2008635
新增(路网节点),NEW,113.2960264,23.4916919
新增(路网节点),NEW,113.4423678,22.847671
新增(路网节点),NEW,113.4476889,23.5964123
新增(路网节点),NEW,113.6580249,23.3355431
新增(路网节点),NEW,113.2769363,23.5052941
新增(路网节点),NEW,113.4092467,23.4564907
新增(路网节点),NEW,113.7338377,23.1983988
新增(路网节点),NEW,113.4590905,22.8217404
新增(路网节点),NEW,113.6914183,23.3734224
新增(路网节点),NEW,113.4340672,23.254057
新增(路网节点),NEW,113.5150193,22.7284133
新增(路网节点),NEW,113.8558191,23.4210417
新增(路网节点),NEW,113.1038388,23.4614176
新增(路网节点),NEW,113.3120412,23.4897564
新增(路网节点),NEW,113.4529017,22.8318221
新增(路网节点),NEW,113.578028,23.3790924
新增(路网节点),NEW,113.4972472,23.274654
新增(路网节点),NEW,113.3000734,23.5530289
新增(路网节点),NEW,114.0267777,23.8650132
新增(路网节点),NEW,113.7069936,23.1902031
新增(路网节点),NEW,113.4177536,23.6288265
新增(路网节点),NEW,113.103779,23.4615187
新增(路网节点),NEW,113.5987314,23.3710739
新增(路网节点),NEW,113.7887378,23.15423
新增(路网节点),NEW,113.4580944,22.8233153
新增(路网节点),NEW,113.3438218,23.4627065
新增(路网节点),NEW,113.4325424,23.4468244
新增(路网节点),NEW,113.4383636,22.8552808
新增(路网节点),NEW,113.3433402,23.4856762
新增(路网节点),NEW,113.6231819,22.6858868
新增(路网节点),NEW,113.1378105,23.3094932
新增(路网节点),NEW,113.473706,23.2207087
新增(路网节点),NEW,113.7196517,23.301687
新增(路网节点),NEW,113.4233987,23.4351993
新增(路网节点),NEW,113.741671,23.2233
新增(路网节点),NEW,113.5933101,23.3123998
新增(路网节点),NEW,113.4901978,22.8009224
新增(路网节点),NEW,113.3432221,23.4855753
新增(路网节点),NEW,113.4584429,23.5907825
新增(路网节点),NEW,113.4897573,22.7281089
新增(路网节点),NEW,113.4410512,22.8505705
新增(路网节点),NEW,113.5809672,23.3799571
新增(路网节点),NEW,113.6777912,22.6102509
新增(路网节点),NEW,113.9204355,23.8312991
新增(路网节点),NEW,113.6021713,23.3179226
新增(路网节点),NEW,113.4385363,23.2543236
新增(路网节点),NEW,113.4501348,23.6776793
新增(路网节点),NEW,113.8022361,23.411729
新增(路网节点),NEW,113.2959164,23.5668076
新增(路网节点),NEW,113.4439346,22.8449658
新增(路网节点),NEW,113.0564416,23.44343
新增(路网节点),NEW,113.301452,23.555517
新增(路网节点),NEW,113.704872,23.189209
新增(路网节点),NEW,113.4682421,23.4672122
新增(路网节点),NEW,113.7571417,23.2501214
新增(路网节点),NEW,113.4977184,22.7451493
新增(路网节点),NEW,113.5954434,23.3720294
新增(路网节点),NEW,113.2990099,23.5826563
新增(路网节点),NEW,113.4926415,23.2726694
新增(路网节点),NEW,113.1133399,23.4636263
新增(路网节点),NEW,113.4606067,22.819291
新增(路网节点),NEW,113.5996499,22.7016961
新增(路网节点),NEW,113.3270602,23.4904175
新增(路网节点),NEW,113.5452863,23.3896985
新增(路网节点),NEW,113.865083,23.2016301
新增(路网节点),NEW,113.1161209,23.3101078
新增(路网节点),NEW,113.3685077,23.4746808
新增(路网节点),NEW,113.4318454,23.2437561
新增(路网节点),NEW,113.7122618,23.3128327
新增(路网节点),NEW,113.4560336,22.826624
新增(路网节点),NEW,113.4234524,23.4491744
新增(路网节点),NEW,113.8336534,23.421337
新增(路网节点),NEW,113.8816213,23.2024878
新增(路网节点),NEW,113.4835679,22.7865195
新增(路网节点),NEW,113.6385549,23.7192976
新增(路网节点),NEW,113.4229535,23.4441323
新增(路网节点),NEW,113.3111992,23.4901386
新增(路网节点),NEW,113.148627,23.3092945
新增(路网节点),NEW,113.4614096,22.818011
新增(路网节点),NEW,113.1085886,23.462846
新增(路网节点),NEW,113.77406,23.4064669
新增(路网节点),NEW,113.5986556,23.316106
新增(路网节点),NEW,113.4858143,22.8476401
新增(路网节点),NEW,113.4540192,23.4539121
新增(路网节点),NEW,113.1348141,23.3087654
新增(路网节点),NEW,113.4937674,23.1915062
新增(路网节点),NEW,113.6237026,22.6327196
新增(路网节点),NEW,113.4460517,22.8419225
新增(路网节点),NEW,113.5685031,22.6745116
新增(路网节点),NEW,113.6600116,23.3296974
新增(路网节点),NEW,113.3987819,23.6932363
新增(路网节点),NEW,113.2778981,23.4724727
新增(路网节点),NEW,113.1235913,23.46587
新增(路网节点),NEW,113.4241605,23.4489308
新增(路网节点),NEW,113.815373,23.2148302
新增(路网节点),NEW,113.4607463,22.8171056
新增(路网节点),NEW,113.5459488,23.4157797
新增(路网节点),NEW,113.4991572,22.6974931
新增(路网节点),NEW,113.4495254,23.6556758
新增(路网节点),NEW,113.4463155,23.6008105
新增(路网节点),NEW,113.4470741,22.841112
新增(路网节点),NEW,113.7269113,23.2781485
新增(路网节点),NEW,113.1422262,23.3079694
新增(路网节点),NEW,113.3378149,23.4577951
新增(路网节点),NEW,113.6626322,23.6561708
新增(路网节点),NEW,113.4458771,23.2541432
新增(路网节点),NEW,113.4691932,23.4342536
新增(路网节点),NEW,113.2861343,23.4768568
新增(路网节点),NEW,113.7862532,23.1479886
新增(路网节点),NEW,113.4799158,22.7789456
新增(路网节点),NEW,113.6055895,23.3267522
新增(路网节点),NEW,113.3018515,23.5482761
新增(路网节点),NEW,113.8499826,23.4240246
新增(路网节点),NEW,113.4319991,22.858896
新增(路网节点),NEW,113.3793498,23.7104088
新增(路网节点),NEW,113.1493026,23.4786943
新增(路网节点),NEW,113.6864572,23.3210393
新增(路网节点),NEW,113.4404788,23.4469585
新增(路网节点),NEW,113.5011293,22.7205547
新增(路网节点),NEW,113.7482802,23.3905219
新增(路网节点),NEW,113.3376556,23.4833591
新增(路网节点),NEW,113.4940319,23.2320799
新增(路网节点),NEW,113.8064462,23.215655
新增(路网节点),NEW,113.422109,22.8625905
新增(路网节点),NEW,113.4721476,23.4706386
新增(路网节点),NEW,113.6984499,23.1638024
新增(路网节点),NEW,113.4858023,22.8012154
新增(路网节点),NEW,113.4698565,23.5403924
新增(路网节点),NEW,113.3331456,23.4894096
新增(路网节点),NEW,113.4843833,23.2709289
新增(路网节点),NEW,113.7525134,23.2445911
新增(路网节点),NEW,113.1434688,23.3075377
新增(路网节点),NEW,113.1589229,23.4798928
新增(路网节点),NEW,113.4250133,22.8615923
新增(路网节点),NEW,113.2588656,23.5956484
新增(路网节点),NEW,113.3300817,23.459957
新增(路网节点),NEW,113.1168826,23.4639802
新增(路网节点),NEW,113.4646269,22.8134753
新增(路网节点),NEW,113.5178244,23.2773301
新增(路网节点),NEW,113.6869948,23.1782451
新增(路网节点),NEW,113.3040071,23.5580069
新增(路网节点),NEW,113.5920793,22.7076451
新增(路网节点),NEW,113.5541558,23.3879337
新增(路网节点),NEW,113.4479881,23.447674
新增(路网节点),NEW,113.7664474,23.2568215
新增(路网节点),NEW,113.5055602,23.2463909
新增(路网节点),NEW,113.1505305,23.4796666
新增(路网节点),NEW,113.4886292,23.2713502
新增(路网节点),NEW,113.572205,23.3813426
新增(路网节点),NEW,113.2726753,23.513473
新增(路网节点),NEW,113.3886132,23.4574519
新增(路网节点),NEW,113.5108306,22.7905798
新增(路网节点),NEW,113.1546544,23.4790746
新增(路网节点),NEW,113.4251037,23.2536121
新增(路网节点),NEW,113.4484643,23.6305423
新增(路网节点),NEW,113.272514,23.4848423
新增(路网节点),NEW,113.7718523,23.8361789
新增(路网节点),NEW,113.4643253,22.8133311
新增(路网节点),NEW,113.418442,23.4155335
新增(路网节点),NEW,113.8812346,23.2232414
新增(路网节点),NEW,113.0310008,23.412721
新增(路网节点),NEW,113.4492177,23.6821553
新增(路网节点),NEW,113.9374069,23.846524
新增(路网节点),NEW,113.477262,23.2170785
新增(路网节点),NEW,113.6894075,23.17861
新增(路网节点),NEW,113.4640912,22.8139067
新增(路网节点),NEW,113.8714993,23.8086148
新增(路网节点),NEW,113.7266761,23.7304776
新增(路网节点),NEW,113.4196329,23.4107616
新增(路网节点),NEW,113.3015782,23.5473811
新增(路网节点),NEW,113.4131709,22.8656332
新增(路网节点),NEW,113.8433736,23.4268944
新增(路网节点),NEW,113.405559,23.2686139
新增(路网节点),NEW,113.4847933,23.4185655
新增(路网节点),NEW,113.5692137,23.3835466
新增(路网节点),NEW,113.1618256,23.4799393
新增(路网节点),NEW,113.3022312,23.4757659
新增(路网节点),NEW,113.8918767,23.221026
新增(路网节点),NEW,113.4182411,22.8635746
新增(路网节点),NEW,113.4376574,23.6042815
新增(路网节点),NEW,113.7898975,23.1433898
新增(路网节点),NEW,113.4879121,22.761762
新增(路网节点),NEW,113.1631033,23.4800814
新增(路网节点),NEW,113.4573221,23.2411946
新增(路网节点),NEW,113.2994004,23.4697182
新增(路网节点),NEW,113.3883718,23.720297
新增(路网节点),NEW,113.4893945,22.8000963
新增(路网节点),NEW,113.8110464,23.213914
新增(路网节点),NEW,113.7041152,23.3169315
新增(路网节点),NEW,113.4551566,23.4109895
新增(路网节点),NEW,113.4171116,23.4151397
新增(路网节点),NEW,113.6979969,23.1832929
新增(路网节点),NEW,113.4277621,23.2523624
新增(路网节点),NEW,113.4643451,23.0378077
新增(路网节点),NEW,113.4042749,23.270508
新增(路网节点),NEW,113.3099199,23.4941876
新增(路网节点),NEW,113.154162,23.4792969
新增(路网节点),NEW,113.4794587,23.2102781
新增(路网节点),NEW,113.4595669,22.8215699
新增(路网节点),NEW,113.491231,22.7411027
新增(路网节点),NEW,113.868061,23.231892
新增(路网节点),NEW,113.2921321,23.5663958
新增(路网节点),NEW,113.5140516,23.1640903
新增(路网节点),NEW,113.3701764,23.4689721
新增(路网节点),NEW,113.8103018,23.4108896
新增(路网节点),NEW,113.4971487,23.2353544
新增(路网节点),NEW,113.466145,23.5885593
新增(路网节点),NEW,113.6913005,23.1611737
新增(路网节点),NEW,113.4036041,23.2710952
新增(路网节点),NEW,113.1720487,23.4794496
新增(路网节点),NEW,113.4880142,23.4167135
新增(路网节点),NEW,113.4606101,23.0266507
新增(路网节点),NEW,113.5090387,23.1460113
新增(路网节点),NEW,113.6658716,23.677368
新增(路网节点),NEW,113.4481823,23.6519331
新增(路网节点),NEW,113.5899321,23.3712334
新增(路网节点),NEW,113.2948807,23.5435034
新增(路网节点),NEW,113.3051567,23.4985323
新增(路网节点),NEW,113.4296737,23.2515845
新增(路网节点),NEW,113.3928131,23.7285884
新增(路网节点),NEW,113.4668724,22.8092773
新增(路网节点),NEW,113.5208981,23.1554862
新增(路网节点),NEW,113.0329994,23.3244041
新增(路网节点),NEW,113.4617136,23.0306619
新增(路网节点),NEW,113.4681956,22.7248395
新增(路网节点),NEW,113.5056264,23.1602444
新增(路网节点),NEW,113.9003062,23.4651138
新增(路网节点),NEW,113.4186857,23.4045078
新增(路网节点),NEW,113.7392339,23.2865988
新增(路网节点),NEW,113.4494377,23.6901773
新增(路网节点),NEW,113.4028652,23.2720736
新增(路网节点),NEW,113.4623467,23.5713674
新增(路网节点),NEW,113.8605444,23.2395129
新增(路网节点),NEW,113.269346,23.4832216
新增(路网节点),NEW,113.4100747,22.8666056
新增(路网节点),NEW,113.6571816,23.1761599
新增(路网节点),NEW,113.7779572,23.2073957
新增(路网节点),NEW,113.262915,23.4893425
新增(路网节点),NEW,113.4297386,23.4471353
新增(路网节点),NEW,113.507946,23.1478146
新增(路网节点),NEW,113.5930431,23.3124737
新增(路网节点),NEW,113.526107,22.7856917
新增(路网节点),NEW,113.6931763,23.194187
新增(路网节点),NEW,113.8293137,23.1989362
新增(路网节点),NEW,113.501288,23.146732
新增(路网节点),NEW,113.384254,22.8223687
新增(路网节点),NEW,113.5100317,23.1300098
新增(路网节点),NEW,113.7880349,23.2274033
新增(路网节点),NEW,113.5627752,22.6843341
新增(路网节点),NEW,113.4623783,23.5712947
新增(路网节点),NEW,113.4591258,22.8639209
新增(路网节点),NEW,113.5050268,22.7927203
新增(路网节点),NEW,113.4569432,23.027058
新增(路网节点),NEW,113.3113417,23.5150124
新增(路网节点),NEW,113.7490618,23.2813521
新增(路网节点),NEW,113.8363141,23.4195452
新增(路网节点),NEW,113.4999876,22.7940481
新增(路网节点),NEW,113.5490227,23.4031686
新增(路网节点),NEW,113.3863252,23.454044
新增(路网节点),NEW,113.4881079,23.1484287
新增(路网节点),NEW,113.685689,23.1945565
新增(路网节点),NEW,113.4571785,23.258326
新增(路网节点),NEW,113.4529488,23.6704064
新增(路网节点),NEW,113.1810543,23.4800235
新增(路网节点),NEW,113.4556798,23.0228433
新增(路网节点),NEW,113.420793,23.6252252
新增(路网节点),NEW,113.4483053,23.2419894
新增(路网节点),NEW,113.4497909,23.4463041
新增(路网节点),NEW,113.3285268,23.4608025
新增(路网节点),NEW,113.510008,23.1628617
新增(路网节点),NEW,113.4043425,23.2638212
新增(路网节点),NEW,113.4875443,23.1538075
新增(路网节点),NEW,113.1809233,23.4802937
新增(路网节点),NEW,113.784926,23.2341916
新增(路网节点),NEW,113.6650028,23.6784192
新增(路网节点),NEW,113.467586,22.7214117
新增(路网节点),NEW,113.894305,23.8217142
新增(路网节点),NEW,113.488318,23.1702841
新增(路网节点),NEW,113.6761998,23.1532145
新增(路网节点),NEW,113.3150764,23.5194661
新增(路网节点),NEW,113.383789,23.4257935
新增(路网节点),NEW,113.4515511,22.8344189
新增(路网节点),NEW,113.3699017,23.4570203
新增(路网节点),NEW,113.5965705,22.7036703
新增(路网节点),NEW,113.1938231,23.3394761
新增(路网节点),NEW,113.4818166,22.8748091
新增(路网节点),NEW,113.5231383,23.147385
新增(路网节点),NEW,113.3998551,23.2753339
新增(路网节点),NEW,113.6447584,23.1804542
新增(路网节点),NEW,113.4679801,22.8079061
新增(路网节点),NEW,113.3582975,23.5740803
新增(路网节点),NEW,113.4681062,23.0302165
新增(路网节点),NEW,113.4344704,23.4468528
新增(路网节点),NEW,113.4021813,22.8700709
新增(路网节点),NEW,113.315091,23.5208866
新增(路网节点),NEW,113.4479091,23.6422043
新增(路网节点),NEW,113.5184883,23.1479766
新增(路网节点),NEW,113.1662297,23.3061866
新增(路网节点),NEW,113.3209769,23.4579892
新增(路网节点),NEW,113.4182406,22.8815802
新增(路网节点),NEW,113.8724994,23.4307133
新增(路网节点),NEW,113.4360773,23.4687259
新增(路网节点),NEW,113.4637018,23.0344999
新增(路网节点),NEW,113.4874479,23.1736067
新增(路网节点),NEW,113.4404317,23.4471574
新增(路网节点),NEW,113.6361672,23.1757989
新增(路网节点),NEW,113.5057285,23.1190255
新增(路网节点),NEW,113.6105086,22.637317
新增(路网节点),NEW,113.3676165,23.4569318
新增(路网节点),NEW,113.4572048,23.2220595
新增(路网节点),NEW,113.497997,23.1479252
新增(路网节点),NEW,113.6534585,23.1836054
新增(路网节点),NEW,113.512241,22.7434064
新增(路网节点),NEW,113.1109316,23.3739359
新增(路网节点),NEW,113.4153634,23.3964664
新增(路网节点),NEW,113.4892325,23.1683601
新增(路网节点),NEW,113.4605695,23.0483497
新增(路网节点),NEW,113.1881532,23.4822761
新增(路网节点),NEW,113.3966476,23.2750583
新增(路网节点),NEW,113.4007679,22.8711861
新增(路网节点),NEW,113.7782304,23.2148222
新增(路网节点),NEW,113.4865615,23.1759601
新增(路网节点),NEW,113.4917283,23.1476857
新增(路网节点),NEW,113.8243455,23.2024977
新增(路网节点),NEW,113.5226325,23.1225833
新增(路网节点),NEW,113.9324536,23.8343583
新增(路网节点),NEW,113.5632947,23.389388
新增(路网节点),NEW,113.7412432,23.7571873
新增(路网节点),NEW,113.4751622,22.8846999
新增(路网节点),NEW,113.1410478,23.4770289
新增(路网节点),NEW,113.713454,23.1491485
新增(路网节点),NEW,113.4850465,23.1909421
新增(路网节点),NEW,113.3080582,23.4569035
新增(路网节点),NEW,113.4655498,23.0514436
新增(路网节点),NEW,113.7349574,23.2779347
新增(路网节点),NEW,113.4289644,23.4477066
新增(路网节点),NEW,113.7772428,23.2061257
新增(路网节点),NEW,113.4656926,23.051924
新增(路网节点),NEW,113.5595552,22.687797
新增(路网节点),NEW,113.4828449,23.1962042
新增(路网节点),NEW,113.1847672,23.3099291
新增(路网节点),NEW,113.4165106,23.3909172
新增(路网节点),NEW,113.1447642,23.4780696
新增(路网节点),NEW,113.7905107,23.2153211
新增(路网节点),NEW,113.4981624,23.1337536
新增(路网节点),NEW,113.4804213,23.4173234
新增(路网节点),NEW,113.5077875,23.512481
新增(路网节点),NEW,113.5555254,23.2165776
新增(路网节点),NEW,113.1848341,23.481835
新增(路网节点),NEW,113.4933734,23.1468167
新增(路网节点),NEW,113.4958356,23.1390564
新增(路网节点),NEW,113.1763602,23.3123171
新增(路网节点),NEW,113.465465,23.0585304
新增(路网节点),NEW,113.4884926,23.1721551
新增(路网节点),NEW,113.4331292,23.2500549
新增(路网节点),NEW,113.470792,23.424772
新增(路网节点),NEW,113.2588046,23.4903672
新增(路网节点),NEW,113.7839332,23.4021667
新增(路网节点),NEW,113.7730782,23.2500081
新增(路网节点),NEW,113.4887513,23.1565503
新增(路网节点),NEW,113.7867805,23.2153305
新增(路网节点),NEW,113.5703301,23.2180752
新增(路网节点),NEW,113.4872136,22.8617472
新增(路网节点),NEW,113.7159634,23.1514078
新增(路网节点),NEW,113.4479708,23.0178848
新增(路网节点),NEW,113.4085017,23.7209011
新增(路网节点),NEW,113.499931,23.1102894
新增(路网节点),NEW,113.1040858,23.3087466
新增(路网节点),NEW,113.6189985,23.1696223
新增(路网节点),NEW,113.5280693,23.1472352
新增(路网节点),NEW,113.4505125,23.018802
新增(路网节点),NEW,113.5080234,23.407698
新增(路网节点),NEW,113.1803207,23.4779685
新增(路网节点),NEW,113.4635891,23.603249
新增(路网节点),NEW,113.3775766,23.4656129
新增(路网节点),NEW,113.5001321,23.1282645
新增(路网节点),NEW,113.6309654,23.1727785
新增(路网节点),NEW,113.4539446,23.0214613
新增(路网节点),NEW,113.4718241,23.2203438
新增(路网节点),NEW,113.6257969,23.1704274
新增(路网节点),NEW,113.4857328,23.1788759
新增(路网节点),NEW,113.1996661,23.3097771
新增(路网节点),NEW,113.4523614,23.7009831
新增(路网节点),NEW,113.4349828,23.2493046
新增(路网节点),NEW,113.3942579,22.8828013
新增(路网节点),NEW,113.4833813,22.8301159
新增(路网节点),NEW,113.3882711,23.2757282
新增(路网节点),NEW,113.5605646,23.2202564
新增(路网节点),NEW,113.6761703,23.6555265
新增(路网节点),NEW,113.3884281,23.4576414
新增(路网节点),NEW,113.4832682,22.8743641
新增(路网节点),NEW,113.4952625,23.1451853
新增(路网节点),NEW,113.3778692,22.8667677
新增(路网节点),NEW,113.3877476,23.2759461
新增(路网节点),NEW,113.2227656,23.4908519
新增(路网节点),NEW,113.4675906,23.0433443
新增(路网节点),NEW,113.813199,23.4130519
新增(路网节点),NEW,113.5935181,22.7059776
新增(路网节点),NEW,113.7044616,23.1885644
新增(路网节点),NEW,113.0398101,23.3139292
新增(路网节点),NEW,113.3918197,22.8928346
新增(路网节点),NEW,113.4206012,23.4495336
新增(路网节点),NEW,113.526749,23.1228822
新增(路网节点),NEW,113.914189,23.471533
新增(路网节点),NEW,113.5468513,23.1899317
新增(路网节点),NEW,113.5287186,22.7799971
新增(路网节点),NEW,113.5213657,23.5173837
新增(路网节点),NEW,113.4515997,22.7789924
新增(路网节点),NEW,113.8045506,23.2154444
新增(路网节点),NEW,113.6352311,23.175046
新增(路网节点),NEW,113.4833495,23.1990101
新增(路网节点),NEW,113.5092714,23.0960627
新增(路网节点),NEW,113.4986052,23.4151041
新增(路网节点),NEW,113.4896803,23.1485651
新增(路网节点),NEW,113.4695342,23.0616825
新增(路网节点),NEW,113.1873621,23.3090531
新增(路网节点),NEW,113.3876502,23.2767251
新增(路网节点),NEW,113.5471951,23.1926721
新增(路网节点),NEW,113.4955221,23.1361023
新增(路网节点),NEW,113.482393,22.7471656
新增(路网节点),NEW,113.3111805,23.4578111
新增(路网节点),NEW,113.4565567,23.2261084
新增(路网节点),NEW,113.3950008,22.8800342
新增(路网节点),NEW,113.497534,23.1176946
新增(路网节点),NEW,113.470949,22.8980814
新增(路网节点),NEW,113.4146177,23.3738696
新增(路网节点),NEW,113.4702383,23.0653234
新增(路网节点),NEW,113.782044,23.2148698
新增(路网节点),NEW,113.5507024,23.190429
新增(路网节点),NEW,113.4808832,23.1513839
新增(路网节点),NEW,113.4858988,23.1873421
新增(路网节点),NEW,113.3811133,22.8586986
新增(路网节点),NEW,113.4549637,23.7032195
新增(路网节点),NEW,113.5476762,23.1967505
新增(路网节点),NEW,113.227527,23.4938029
新增(路网节点),NEW,113.3907986,22.8904682
新增(路网节点),NEW,113.3830787,23.4589023
新增(路网节点),NEW,113.4729526,22.8893125
新增(路网节点),NEW,113.6340139,22.6325881
新增(路网节点),NEW,113.3627491,23.2844523
新增(路网节点),NEW,113.4663754,23.06019
新增(路网节点),NEW,113.5148747,23.1474358
新增(路网节点),NEW,113.8639354,23.4244032
新增(路网节点),NEW,113.8181909,23.2143599
新增(路网节点),NEW,113.1734128,23.3095517
新增(路网节点),NEW,113.4716006,23.0643411
新增(路网节点),NEW,113.4312117,23.4786335
新增(路网节点),NEW,113.3924379,22.8982626
新增(路网节点),NEW,113.5348188,23.1742375
新增(路网节点),NEW,113.4131655,23.3649913
新增(路网节点),NEW,113.4922078,23.1175913
新增(路网节点),NEW,113.4942618,23.5833626
新增(路网节点),NEW,113.4640054,23.5506229
新增(路网节点),NEW,113.5862966,22.7187222
新增(路网节点),NEW,113.5486533,23.131756
新增(路网节点),NEW,113.5534905,23.189383
新增(路网节点),NEW,113.6685258,23.1896865
新增(路网节点),NEW,113.4848564,23.0200305
新增(路网节点),NEW,113.5768618,23.2197363
新增(路网节点),NEW,113.6163361,23.3406761
新增(路网节点),NEW,113.8857937,23.8201451
新增(路网节点),NEW,113.219729,23.4879603
新增(路网节点),NEW,113.5360603,23.1748812
新增(路网节点),NEW,113.3154988,23.4580178
新增(路网节点),NEW,113.3911291,22.8911479
新增(路网节点),NEW,113.1055177,23.3755034
新增(路网节点),NEW,113.5077337,23.2772435
新增(路网节点),NEW,113.6575544,23.1870624
新增(路网节点),NEW,113.5332179,23.1732542
新增(路网节点),NEW,113.4707081,22.8921626
新增(路网节点),NEW,113.5874421,22.661105
新增(路网节点),NEW,113.6053498,23.1453711
新增(路网节点),NEW,113.4318193,23.0119152
新增(路网节点),NEW,113.3964729,22.8765315
新增(路网节点),NEW,113.5124466,23.1856944
新增(路网节点),NEW,113.4627049,23.4273768
新增(路网节点),NEW,113.3480662,23.581096
新增(路网节点),NEW,113.4730008,22.7358375
新增(路网节点),NEW,113.5778681,23.2227094
新增(路网节点),NEW,113.4889363,22.8563019
新增(路网节点),NEW,113.5206168,23.187245
新增(路网节点),NEW,113.469854,23.1571513
新增(路网节点),NEW,113.3513983,22.8637329
新增(路网节点),NEW,113.5125962,23.100645
新增(路网节点),NEW,113.4299807,23.1909665
新增(路网节点),NEW,113.2174117,23.4877226
新增(路网节点),NEW,113.5316763,23.1720172
新增(路网节点),NEW,113.4088648,23.3621838
新增(路网节点),NEW,113.3587007,23.2636439
新增(路网节点),NEW,113.3648189,23.5815719
新增(路网节点),NEW,113.1591851,23.3125711
新增(路网节点),NEW,113.3960391,22.876923
新增(路网节点),NEW,113.8723519,23.3935438
新增(路网节点),NEW,113.4824817,23.2037813
新增(路网节点),NEW,113.5115771,22.7143604
新增(路网节点),NEW,113.594816,23.1637321
新增(路网节点),NEW,113.9807167,23.8498811
新增(路网节点),NEW,113.666289,23.1472165
新增(路网节点),NEW,113.0063619,23.4626924
新增(路网节点),NEW,113.3801569,23.2844552
新增(路网节点),NEW,113.5861653,22.7186167
新增(路网节点),NEW,113.4891665,23.1628383
新增(路网节点),NEW,113.4918567,23.4158967
新增(路网节点),NEW,113.4230622,23.0084732
新增(路网节点),NEW,113.194596,23.3112264
新增(路网节点),NEW,113.4495092,22.8374754
新增(路网节点),NEW,113.4799078,23.2056711
新增(路网节点),NEW,113.3926467,22.9007509
新增(路网节点),NEW,113.5633974,23.1851289
新增(路网节点),NEW,113.0197122,23.4459538
新增(路网节点),NEW,113.3679759,22.7928978
新增(路网节点),NEW,113.4449875,23.2112234
新增(路网节点),NEW,113.5601553,23.1267349
新增(路网节点),NEW,113.464458,23.5811739
新增(路网节点),NEW,113.463577,22.9498638
新增(路网节点),NEW,113.4970197,23.1155257
新增(路网节点),NEW,113.2097184,23.3138645
新增(路网节点),NEW,113.447639,22.9981042
新增(路网节点),NEW,113.4955298,23.1397928
新增(路网节点),NEW,113.3630044,23.2810482
新增(路网节点),NEW,113.5590762,23.186924
新增(路网节点),NEW,113.6447791,22.6627307
新增(路网节点),NEW,113.5818878,23.1274428
新增(路网节点),NEW,113.5697374,23.1813138
新增(路网节点),NEW,113.6095916,23.1661468
新增(路网节点),NEW,113.3928153,22.9026741
新增(路网节点),NEW,113.4652497,23.140945
新增(路网节点),NEW,113.2492374,23.4942024
新增(路网节点),NEW,113.4081549,23.3603189
新增(路网节点),NEW,113.2039259,23.3119267
新增(路网节点),NEW,113.4658875,23.1298866
新增(路网节点),NEW,113.4245318,23.2535884
新增(路网节点),NEW,113.7864904,23.2198713
新增(路网节点),NEW,113.3019091,23.556181
新增(路网节点),NEW,113.1829786,23.4384562
新增(路网节点),NEW,113.5935667,23.2030797
新增(路网节点),NEW,113.850797,23.2486669
新增(路网节点),NEW,113.4810406,23.1126771
新增(路网节点),NEW,113.442789,23.0049061
新增(路网节点),NEW,113.7862077,23.2320618
新增(路网节点),NEW,113.5717898,23.127935
新增(路网节点),NEW,113.3700093,23.2768604
新增(路网节点),NEW,113.7222327,23.1993011
新增(路网节点),NEW,113.485775,23.1923025
新增(路网节点),NEW,113.514279,23.0983816
新增(路网节点),NEW,112.9878653,23.4468625
新增(路网节点),NEW,113.7387874,23.3886462
新增(路网节点),NEW,113.3569685,23.2578526
新增(路网节点),NEW,113.3058677,23.4607131
新增(路网节点),NEW,113.5019486,22.877519
新增(路网节点),NEW,113.5003086,23.1188271
新增(路网节点),NEW,113.5725163,22.755162
新增(路网节点),NEW,113.509907,23.1851591
新增(路网节点),NEW,113.4684855,23.097547
新增(路网节点),NEW,113.4211446,23.2565045
新增(路网节点),NEW,113.6706529,23.6622801
新增(路网节点),NEW,113.2114366,23.310556
新增(路网节点),NEW,113.4240413,23.4588622
新增(路网节点),NEW,113.7703791,23.1867612
新增(路网节点),NEW,113.2320195,23.318328
新增(路网节点),NEW,113.4274913,23.0102314
新增(路网节点),NEW,113.3648649,23.2780136
新增(路网节点),NEW,113.44999,23.1974709
新增(路网节点),NEW,113.3997572,22.8717778
新增(路网节点),NEW,113.579094,23.1666764
新增(路网节点),NEW,113.526204,23.4027075
新增(路网节点),NEW,113.416205,23.3933328
新增(路网节点),NEW,113.4152256,23.0038333
新增(路网节点),NEW,113.4133936,23.2425551
新增(路网节点),NEW,113.5792762,23.1664113
新增(路网节点),NEW,113.4848034,23.1888631
新增(路网节点),NEW,113.5083795,22.8799034
新增(路网节点),NEW,113.4174645,23.2588139
新增(路网节点),NEW,113.1067103,23.488638
新增(路网节点),NEW,113.5862537,23.1362862
新增(路网节点),NEW,113.3031294,22.8655475
新增(路网节点),NEW,113.5918826,23.1462346
新增(路网节点),NEW,113.4978989,23.1213226
新增(路网节点),NEW,113.5751197,23.1717003
新增(路网节点),NEW,113.5753149,23.1723525
新增(路网节点),NEW,113.5929644,22.6539205
新增(路网节点),NEW,113.5288041,23.170083
新增(路网节点),NEW,113.8448625,23.2534107
新增(路网节点),NEW,113.3102907,23.5092855
新增(路网节点),NEW,113.4994371,22.7945869
新增(路网节点),NEW,113.6177382,23.5959004
新增(路网节点),NEW,113.3580379,23.2812459
新增(路网节点),NEW,113.4093779,23.0002279
新增(路网节点),NEW,113.127589,23.4699822
新增(路网节点),NEW,113.6941672,23.3228613
新增(路网节点),NEW,113.365098,23.2885586
新增(路网节点),NEW,113.4423673,23.0127119
新增(路网节点),NEW,113.5564846,23.1306172
新增(路网节点),NEW,113.4464811,23.0168199
新增(路网节点),NEW,113.4643908,23.5874689
新增(路网节点),NEW,113.4205385,23.0068428
新增(路网节点),NEW,113.5650279,23.1811853
新增(路网节点),NEW,113.4724087,23.1310248
新增(路网节点),NEW,113.3505166,23.291653
新增(路网节点),NEW,113.4879221,23.1547195
新增(路网节点),NEW,113.1911983,23.3538546
新增(路网节点),NEW,113.3380138,22.8656273
新增(路网节点),NEW,113.4434251,23.0155927
新增(路网节点),NEW,113.8228539,23.416544
新增(路网节点),NEW,113.4826134,23.2033828
新增(路网节点),NEW,113.4537352,23.1591088
新增(路网节点),NEW,113.2293315,23.3179654
新增(路网节点),NEW,113.4800941,23.2126394
新增(路网节点),NEW,113.4858191,22.7544527
新增(路网节点),NEW,113.3084295,23.5020884
新增(路网节点),NEW,113.7733551,23.2130495
新增(路网节点),NEW,113.5251131,23.1885902
新增(路网节点),NEW,113.5121656,22.8813072
新增(路网节点),NEW,113.4027752,22.9966742
新增(路网节点),NEW,113.2690119,23.3113593
新增(路网节点),NEW,113.4857166,23.1868727
新增(路网节点),NEW,113.5884672,23.1435453
新增(路网节点),NEW,113.4063283,22.9990005
新增(路网节点),NEW,113.4993138,23.1266432
新增(路网节点),NEW,113.3198841,22.9973923
新增(路网节点),NEW,113.3025907,23.4077475
新增(路网节点),NEW,113.4180908,22.8866925
新增(路网节点),NEW,113.5734969,23.1736549
新增(路网节点),NEW,113.3373848,22.9867246
新增(路网节点),NEW,113.0951932,23.3095766
新增(路网节点),NEW,113.4398023,23.0098814
新增(路网节点),NEW,113.3240798,22.8282313
新增(路网节点),NEW,113.7946846,23.4048249
新增(路网节点),NEW,113.26888,23.3155468
新增(路网节点),NEW,113.3410883,23.0035853
新增(路网节点),NEW,113.3628903,23.2914077
新增(路网节点),NEW,113.5203156,23.0991523
新增(路网节点),NEW,113.4549233,22.9801594
新增(路网节点),NEW,113.3955768,22.9939754
新增(路网节点),NEW,113.3770399,23.2116886
新增(路网节点),NEW,113.3300717,23.293405
新增(路网节点),NEW,113.2328898,23.3188624
新增(路网节点),NEW,113.689923,23.194434
新增(路网节点),NEW,113.3887579,22.9926113
新增(路网节点),NEW,113.408638,22.8668952
新增(路网节点),NEW,113.4379654,23.1620694
新增(路网节点),NEW,113.385928,22.9839311
新增(路网节点),NEW,113.2198319,23.3178332
新增(路网节点),NEW,113.6586509,23.6939807
新增(路网节点),NEW,113.498629,23.1242486
新增(路网节点),NEW,113.345676,23.2931469
新增(路网节点),NEW,113.5829166,22.7431335
新增(路网节点),NEW,113.4572932,23.6179146
新增(路网节点),NEW,113.3921974,22.9168159
新增(路网节点),NEW,113.4110589,23.2621906
新增(路网节点),NEW,113.0902903,23.2956389
新增(路网节点),NEW,113.2596775,23.3099232
新增(路网节点),NEW,113.6427179,22.6367095
新增(路网节点),NEW,113.4501082,23.4335861
新增(路网节点),NEW,113.3549749,22.988481
新增(路网节点),NEW,113.3203729,23.1297888
新增(路网节点),NEW,113.3642255,23.3052238
新增(路网节点),NEW,113.3977989,22.9946487
新增(路网节点),NEW,113.2731529,23.3241521
新增(路网节点),NEW,113.3571915,22.8635112
新增(路网节点),NEW,113.3464353,23.2902084
新增(路网节点),NEW,113.4530336,23.1196924
新增(路网节点),NEW,113.5832556,22.7431548
新增(路网节点),NEW,113.3594304,23.2975325
新增(路网节点),NEW,113.4724897,23.115956
新增(路网节点),NEW,113.3344965,23.291919
新增(路网节点),NEW,113.1858207,23.4008447
新增(路网节点),NEW,113.1453941,23.4780127
新增(路网节点),NEW,113.237319,23.3193899
新增(路网节点),NEW,113.3517871,22.9843322
新增(路网节点),NEW,113.3950367,22.9094134
新增(路网节点),NEW,113.3661318,23.3081188
新增(路网节点),NEW,113.6048535,23.1649404
新增(路网节点),NEW,113.494435,22.7976867
新增(路网节点),NEW,113.2677759,23.3106118
新增(路网节点),NEW,113.2273738,23.317298
新增(路网节点),NEW,113.3374749,23.29186
新增(路网节点),NEW,113.4236155,23.1620524
新增(路网节点),NEW,113.3365208,23.2918813
新增(路网节点),NEW,113.3348256,22.9838753
新增(路网节点),NEW,113.508626,23.1090482
新增(路网节点),NEW,113.4167542,22.8906252
新增(路网节点),NEW,113.4601226,23.1181884
新增(路网节点),NEW,113.3427507,23.2898436
新增(路网节点),NEW,113.269374,23.3300988
新增(路网节点),NEW,113.4411988,23.1229113
新增(路网节点),NEW,113.3650217,22.8632804
新增(路网节点),NEW,113.7716617,23.1794524
新增(路网节点),NEW,113.3878256,22.9248396
新增(路网节点),NEW,113.2543317,23.3106733
新增(路网节点),NEW,113.3476317,22.9905425
新增(路网节点),NEW,113.4876207,23.0891222
新增(路网节点),NEW,113.3726388,22.9906744
新增(路网节点),NEW,113.2675482,23.3064433
新增(路网节点),NEW,113.5210722,23.0774485
新增(路网节点),NEW,113.3628877,22.9901152
新增(路网节点),NEW,113.6434716,23.1459336
新增(路网节点),NEW,113.3544663,23.2843055
新增(路网节点),NEW,113.3688848,22.8623684
新增(路网节点),NEW,113.4545963,22.9779679
新增(路网节点),NEW,113.2701959,23.3312085
新增(路网节点),NEW,113.3301898,22.9775556
新增(路网节点),NEW,113.3617894,23.2771377
新增(路网节点),NEW,113.4861808,23.0857546
新增(路网节点),NEW,113.6277053,23.3477992
新增(路网节点),NEW,113.49086,23.0942464
新增(路网节点),NEW,113.2867012,22.9948932
新增(路网节点),NEW,113.6328647,22.6325097
新增(路网节点),NEW,113.3932899,22.9114379
新增(路网节点),NEW,113.4861117,23.0856476
新增(路网节点),NEW,113.4827522,23.2004928
新增(路网节点),NEW,113.3053644,23.490489
新增(路网节点),NEW,113.3624736,22.9738956
新增(路网节点),NEW,113.4756274,22.7439392
新增(路网节点),NEW,113.2935648,23.3030741
新增(路网节点),NEW,113.3787673,23.0147238
新增(路网节点),NEW,113.4860867,23.1805079
新增(路网节点),NEW,113.2756918,23.304632
新增(路网节点),NEW,113.3275371,23.2940003
新增(路网节点),NEW,113.3694417,23.3110177
新增(路网节点),NEW,113.2708822,23.3323419
新增(路网节点),NEW,113.2622478,23.3086828
新增(路网节点),NEW,113.332209,22.8719493
新增(路网节点),NEW,113.3788427,23.3240817
新增(路网节点),NEW,113.3588967,22.9889195
新增(路网节点),NEW,113.3734418,23.3112495
新增(路网节点),NEW,113.3590601,22.9895069
新增(路网节点),NEW,113.2494374,23.3126509
新增(路网节点),NEW,113.3307492,22.9802069
新增(路网节点),NEW,113.1249387,23.4768709
新增(路网节点),NEW,113.3092,22.8671423
新增(路网节点),NEW,113.3658467,23.2764556
新增(路网节点),NEW,113.3800184,23.325448
新增(路网节点),NEW,113.3274396,23.0939
新增(路网节点),NEW,113.2674437,23.2950384
新增(路网节点),NEW,113.4506633,22.9936905
新增(路网节点),NEW,113.3160218,23.0140459
新增(路网节点),NEW,113.249146,23.3127686
新增(路网节点),NEW,113.5369333,23.0673946
新增(路网节点),NEW,113.4187025,23.1600975
新增(路网节点),NEW,113.2685766,23.3143276
新增(路网节点),NEW,113.1874555,23.4156407
新增(路网节点),NEW,113.3291157,23.1153731
新增(路网节点),NEW,113.391489,22.9795876
新增(路网节点),NEW,113.3290762,22.8735186
新增(路网节点),NEW,113.547041,23.1898557
新增(路网节点),NEW,113.2672001,23.295889
新增(路网节点),NEW,113.267232,23.2979345
新增(路网节点),NEW,113.3085621,23.5046231
新增(路网节点),NEW,113.4794155,22.8770975
新增(路网节点),NEW,113.4891274,23.0908293
新增(路网节点),NEW,113.3295814,22.9928846
新增(路网节点),NEW,113.5336482,23.5302367
新增(路网节点),NEW,113.2678634,23.3047448
新增(路网节点),NEW,113.3287809,23.1001807
新增(路网节点),NEW,113.4023945,23.2331059
新增(路网节点),NEW,113.3318923,22.9901804
新增(路网节点),NEW,113.2636162,23.3084195
新增(路网节点),NEW,113.4520992,22.973772
新增(路网节点),NEW,113.3824762,23.3319632
新增(路网节点),NEW,113.4658122,23.1206401
新增(路网节点),NEW,113.222785,23.4360872
新增(路网节点),NEW,113.2928268,23.1568254
新增(路网节点),NEW,113.6521489,23.1833486
新增(路网节点),NEW,113.383461,22.9983193
新增(路网节点),NEW,113.2415632,23.3191889
新增(路网节点),NEW,113.3255717,23.0727132
新增(路网节点),NEW,113.3809693,22.939066
新增(路网节点),NEW,113.3891816,23.3423063
新增(路网节点),NEW,113.2520893,22.9807935
新增(路网节点),NEW,113.4923819,23.0942297
新增(路网节点),NEW,113.1935783,23.1489
新增(路网节点),NEW,113.3271547,23.0908974
新增(路网节点),NEW,113.4829252,23.0846487
新增(路网节点),NEW,113.4875635,22.8518067
新增(路网节点),NEW,113.405546,22.856838
新增(路网节点),NEW,113.3839517,22.9969067
新增(路网节点),NEW,113.4166156,23.3790458
新增(路网节点),NEW,113.2673978,22.9571106
新增(路网节点),NEW,113.3702459,22.9639215
新增(路网节点),NEW,113.5206964,23.0736083
新增(路网节点),NEW,113.4996594,23.0952641
新增(路网节点),NEW,113.4547156,22.9894599
新增(路网节点),NEW,113.2668298,23.0566944
新增(路网节点),NEW,113.374617,23.3209754
新增(路网节点),NEW,113.3103839,23.1082743
新增(路网节点),NEW,113.3008078,23.1621268
新增(路网节点),NEW,113.3387796,23.1482173
新增(路网节点),NEW,113.4846433,22.8689232
新增(路网节点),NEW,113.3168083,23.0322665
新增(路网节点),NEW,113.5681691,23.1157341
新增(路网节点),NEW,113.4499016,23.0187468
新增(路网节点),NEW,113.2519584,22.9745037
新增(路网节点),NEW,113.2713308,23.3055371
新增(路网节点),NEW,113.3641635,22.9713407
新增(路网节点),NEW,113.2664611,23.3073642
新增(路网节点),NEW,113.1875266,23.1529056
新增(路网节点),NEW,113.187397,23.1511566
新增(路网节点),NEW,113.3165349,23.0222246
新增(路网节点),NEW,113.2200307,23.1757125
新增(路网节点),NEW,113.3740192,23.3141266
新增(路网节点),NEW,113.3165638,23.0211082
新增(路网节点),NEW,113.274197,23.0205045
新增(路网节点),NEW,113.2705019,23.345048
新增(路网节点),NEW,113.4944543,23.0993592
新增(路网节点),NEW,113.3162801,23.0094189
新增(路网节点),NEW,113.3356019,22.9874371
新增(路网节点),NEW,113.3463144,23.1160481
新增(路网节点),NEW,113.3894543,22.9224539
新增(路网节点),NEW,113.3765148,23.3223903
新增(路网节点),NEW,113.2806701,23.420366
新增(路网节点),NEW,113.3162255,23.0247168
新增(路网节点),NEW,113.4760925,23.2187661
新增(路网节点),NEW,113.2692902,23.3399474
新增(路网节点),NEW,113.41849,23.0064106
新增(路网节点),NEW,113.3590196,23.2638528
新增(路网节点),NEW,113.5499633,23.0868939
新增(路网节点),NEW,113.2001885,23.0827193
新增(路网节点),NEW,113.3511355,23.1394603
新增(路网节点),NEW,113.3582642,22.979596
新增(路网节点),NEW,113.3134287,22.8683697
新增(路网节点),NEW,113.2001507,23.0830297
新增(路网节点),NEW,113.5773535,22.7522748
新增(路网节点),NEW,113.2940059,23.3038563
新增(路网节点),NEW,113.3272677,22.9932725
新增(路网节点),NEW,113.3006918,23.163756
新增(路网节点),NEW,113.2950711,23.3817341
新增(路网节点),NEW,113.2836559,23.1554439
新增(路网节点),NEW,113.3617584,23.2897351
新增(路网节点),NEW,113.4651338,22.948329
新增(路网节点),NEW,113.4009664,22.8587737
新增(路网节点),NEW,113.3786582,22.9604842
新增(路网节点),NEW,113.3312159,23.2933259
新增(路网节点),NEW,113.304678,23.0806128
新增(路网节点),NEW,113.2908887,23.1614689
新增(路网节点),NEW,113.3158592,22.8645528
新增(路网节点),NEW,113.3791496,22.9517698
新增(路网节点),NEW,113.3164706,23.0178564
新增(路网节点),NEW,113.1867673,23.3924197
新增(路网节点),NEW,113.2659344,23.3034568
新增(路网节点),NEW,113.2774114,23.0076619
新增(路网节点),NEW,113.4587947,22.9651838
新增(路网节点),NEW,113.2683351,23.3358329
新增(路网节点),NEW,113.2938175,23.161723
新增(路网节点),NEW,113.3122413,23.2938585
新增(路网节点),NEW,113.3746307,23.3155232
新增(路网节点),NEW,113.3522483,23.1411486
新增(路网节点),NEW,113.7265526,23.1983422
新增(路网节点),NEW,113.343353,23.0840739
新增(路网节点),NEW,113.3383327,22.9848032
新增(路网节点),NEW,113.2976653,23.3021649
新增(路网节点),NEW,113.367239,22.9656859
新增(路网节点),NEW,113.397114,23.3426713
新增(路网节点),NEW,113.6008587,22.6433538
新增(路网节点),NEW,113.1791907,23.068737
新增(路网节点),NEW,113.2019962,23.4308309
新增(路网节点),NEW,113.5853143,23.0958901
新增(路网节点),NEW,113.3285713,23.109923
新增(路网节点),NEW,113.3712806,23.2107515
新增(路网节点),NEW,113.6035693,22.6995132
新增(路网节点),NEW,113.3736514,22.9623206
新增(路网节点),NEW,113.2217674,23.0462892
新增(路网节点),NEW,113.400307,22.9653544
新增(路网节点),NEW,113.4011497,22.9650624
新增(路网节点),NEW,113.4619584,23.1469632
新增(路网节点),NEW,113.3628921,23.2731264
新增(路网节点),NEW,113.3800085,22.9558717
新增(路网节点),NEW,113.32591,23.0747733
新增(路网节点),NEW,113.3093381,23.2975029
新增(路网节点),NEW,113.5856953,23.0953081
新增(路网节点),NEW,113.3798332,22.9465015
新增(路网节点),NEW,113.3645095,23.1972628
新增(路网节点),NEW,113.4589887,22.9602792
新增(路网节点),NEW,113.3222024,23.0612291
新增(路网节点),NEW,113.5516251,23.1272854
新增(路网节点),NEW,113.2695903,23.3421828
新增(路网节点),NEW,113.3073714,23.2973227
新增(路网节点),NEW,113.4141465,22.9399733
新增(路网节点),NEW,113.3263847,23.0772433
新增(路网节点),NEW,113.3366754,23.0731129
新增(路网节点),NEW,113.3152573,23.16701
新增(路网节点),NEW,113.2928571,22.9142554
新增(路网节点),NEW,113.3633373,23.2109072
新增(路网节点),NEW,113.2869193,23.0652081
新增(路网节点),NEW,113.3161774,23.0384162
新增(路网节点),NEW,113.5904735,23.1641292
新增(路网节点),NEW,113.3190501,23.0416665
新增(路网节点),NEW,113.3142355,23.2930299
新增(路网节点),NEW,113.3343153,23.3932389
新增(路网节点),NEW,113.4632256,23.2047204
新增(路网节点),NEW,113.422161,23.1289845
新增(路网节点),NEW,113.3993802,23.347464
新增(路网节点),NEW,113.3232526,23.0679351
新增(路网节点),NEW,113.4594983,22.9582261
新增(路网节点),NEW,113.4798131,23.2094152
新增(路网节点),NEW,113.3768223,23.0183272
新增(路网节点),NEW,113.323537,23.064074
新增(路网节点),NEW,113.4071621,22.9502726
新增(路网节点),NEW,113.2205837,23.1807698
新增(路网节点),NEW,113.242359,23.168341
新增(路网节点),NEW,113.3992487,23.1338066
新增(路网节点),NEW,113.2680553,23.2895463
新增(路网节点),NEW,113.3228735,23.0659296
新增(路网节点),NEW,113.5306529,23.4019363
新增(路网节点),NEW,113.3369724,23.0783503
新增(路网节点),NEW,113.2458569,23.0561814
新增(路网节点),NEW,113.2889076,23.3041202
新增(路网节点),NEW,113.3923294,22.9146112
新增(路网节点),NEW,113.3799971,22.9577799
新增(路网节点),NEW,113.316862,23.0063863
新增(路网节点),NEW,113.3464519,23.1076496
新增(路网节点),NEW,113.2558209,23.1925436
新增(路网节点),NEW,113.3026168,23.2984331
新增(路网节点),NEW,113.4681764,23.1173687
新增(路网节点),NEW,113.3655351,22.9679464
新增(路网节点),NEW,113.3116557,23.1672033
新增(路网节点),NEW,113.3188627,23.0444398
新增(路网节点),NEW,113.3689739,23.1180556
新增(路网节点),NEW,113.2879985,23.3591595
新增(路网节点),NEW,113.360458,23.2788205
新增(路网节点),NEW,113.4783482,22.9262543
新增(路网节点),NEW,113.2435769,23.0557233
新增(路网节点),NEW,113.3587119,23.1700598
新增(路网节点),NEW,113.36859,23.1133174
新增(路网节点),NEW,113.2833414,23.3574824
新增(路网节点),NEW,113.3299573,23.067744
新增(路网节点),NEW,113.5843736,23.1304924
新增(路网节点),NEW,113.3583173,23.1622112
新增(路网节点),NEW,113.4282947,22.8597108
新增(路网节点),NEW,113.4784927,23.2150899
新增(路网节点),NEW,113.2781149,22.9990436
新增(路网节点),NEW,113.473542,22.9333594
新增(路网节点),NEW,113.402866,23.3460012
新增(路网节点),NEW,113.4175032,22.9368345
新增(路网节点),NEW,113.356599,22.9809929
新增(路网节点),NEW,113.493755,23.0977797
新增(路网节点),NEW,113.3650903,23.1946101
新增(路网节点),NEW,113.2941893,23.3769709
新增(路网节点),NEW,113.3727755,23.0266467
新增(路网节点),NEW,113.3582884,23.2218629
新增(路网节点),NEW,113.3185862,23.2937567
新增(路网节点),NEW,113.4211197,22.9222485
新增(路网节点),NEW,113.3685622,23.1067959
新增(路网节点),NEW,113.1873412,23.3619302
新增(路网节点),NEW,113.4602649,22.9559589
新增(路网节点),NEW,113.479341,22.914987
新增(路网节点),NEW,113.2698905,23.2838996
新增(路网节点),NEW,113.4729545,22.935876
新增(路网节点),NEW,113.404267,23.3533737
新增(路网节点),NEW,113.2699744,23.3428961
新增(路网节点),NEW,113.396008,22.9740839
新增(路网节点),NEW,113.278376,23.3040187
新增(路网节点),NEW,113.2786002,23.1592431
新增(路网节点),NEW,113.3691132,23.1906827
新增(路网节点),NEW,113.4634187,23.0329672
新增(路网节点),NEW,113.2813098,23.3544193
新增(路网节点),NEW,113.47838,22.918333
新增(路网节点),NEW,113.207775,23.3118662
新增(路网节点),NEW,113.3590054,23.1010344
新增(路网节点),NEW,113.4296301,23.2359647
新增(路网节点),NEW,113.2643355,23.0302885
新增(路网节点),NEW,113.405774,22.9595858
新增(路网节点),NEW,113.4622291,22.9523676
新增(路网节点),NEW,113.3455003,23.09069
新增(路网节点),NEW,113.4641475,23.040906
新增(路网节点),NEW,113.4862147,23.196175
新增(路网节点),NEW,113.2879031,23.157131
新增(路网节点),NEW,113.3808285,23.1388574
