情景,变化站点数,M,M/M_base,相对改善%,M_access,M_access/base,M_crowd,M_crowd/base,M_reach,M_reach/base,比例节点
S3 等量调配,0,107679.495,1.0,0.0,52562.143,1.0,3813.781,1.0,51303.571,1.0,
S3 等量调配,1,98574.793,0.91545,8.455,52522.606,0.99925,3841.472,1.00726,42210.714,0.82276,
S3 等量调配,2,93155.51,0.86512,13.488,52522.413,0.99924,3858.096,1.01162,36775.0,0.71681,
S3 等量调配,3,90618.726,0.84156,15.844,52517.96,0.99916,3865.052,1.01344,34235.714,0.66732,
S3 等量调配,4,88288.373,0.81992,18.008,52517.396,0.99915,3870.977,1.015,31900.0,0.62179,
S3 等量调配,5,86224.959,0.80076,19.924,52517.546,0.99915,3875.27,1.01612,29832.143,0.58148,
S3 等量调配,6,84389.498,0.78371,21.629,52525.397,0.9993,3878.387,1.01694,27985.714,0.54549,
S3 等量调配,7,82562.991,0.76675,23.325,52530.688,0.9994,3882.303,1.01797,26150.0,0.50971,
S3 等量调配,8,80834.574,0.7507,24.93,52525.954,0.99931,3887.191,1.01925,24421.429,0.47602,
S3 等量调配,9,79315.891,0.73659,26.341,52527.123,0.99933,3888.768,1.01966,22900.0,0.44636,
S3 等量调配,10,78041.084,0.72475,27.525,52518.348,0.99917,3890.593,1.02014,21632.143,0.42165,
S3 等量调配,11,76886.261,0.71403,28.597,52513.272,0.99907,3890.846,1.02021,20482.143,0.39923,
S3 等量调配,12,75895.954,0.70483,29.517,52323.92,0.99547,3889.891,1.01996,19682.143,0.38364,
S3 等量调配,13,74967.478,0.69621,30.379,52114.474,0.99148,3888.718,1.01965,18964.286,0.36965,
S3 等量调配,14,74049.291,0.68768,31.232,52082.553,0.99088,3888.167,1.0195,18078.571,0.35238,
S3 等量调配,15,73212.434,0.67991,32.009,52078.48,0.9908,3887.526,1.01934,17246.429,0.33616,
S3 等量调配,16,72427.535,0.67262,32.738,52079.353,0.99081,3887.468,1.01932,16460.714,0.32085,1%
S3 等量调配,17,71689.555,0.66577,33.423,52078.156,0.99079,3886.4,1.01904,15725.0,0.30651,
S3 等量调配,18,71426.482,0.66332,33.668,51818.788,0.98586,3882.694,1.01807,15725.0,0.30651,
S3 等量调配,19,71265.806,0.66183,33.817,51661.822,0.98287,3878.984,1.0171,15725.0,0.30651,
S3 等量调配,20,71114.872,0.66043,33.957,51514.556,0.98007,3875.316,1.01614,15725.0,0.30651,
S3 等量调配,21,70989.384,0.65927,34.073,51392.763,0.97775,3871.622,1.01517,15725.0,0.30651,
S3 等量调配,22,70880.191,0.65825,34.175,51286.903,0.97574,3868.288,1.01429,15725.0,0.30651,
S3 等量调配,23,70790.566,0.65742,34.258,51200.944,0.9741,3864.623,1.01333,15725.0,0.30651,
S3 等量调配,24,70712.836,0.6567,34.33,51126.662,0.97269,3861.174,1.01243,15725.0,0.30651,
S3 等量调配,25,70647.7,0.65609,34.391,51065.24,0.97152,3857.46,1.01145,15725.0,0.30651,
S3 等量调配,26,70584.437,0.6555,34.45,51005.281,0.97038,3854.156,1.01059,15725.0,0.30651,
S3 等量调配,27,70526.346,0.65497,34.503,50949.634,0.96932,3851.712,1.00995,15725.0,0.30651,
S3 等量调配,28,70469.595,0.65444,34.556,50896.531,0.96831,3848.064,1.00899,15725.0,0.30651,
S3 等量调配,29,70414.464,0.65393,34.607,50845.022,0.96733,3844.441,1.00804,15725.0,0.30651,
S3 等量调配,30,70360.454,0.65342,34.658,50794.27,0.96637,3841.184,1.00719,15725.0,0.30651,
S3 等量调配,31,70310.587,0.65296,34.704,50748.013,0.96549,3837.574,1.00624,15725.0,0.30651,
S3 等量调配,32,70261.088,0.6525,34.75,50702.211,0.96461,3833.877,1.00527,15725.0,0.30651,
S3 等量调配,33,70212.48,0.65205,34.795,50657.153,0.96376,3830.327,1.00434,15725.0,0.30651,
S3 等量调配,34,70169.593,0.65165,34.835,50617.495,0.963,3827.098,1.00349,15725.0,0.30651,
S3 等量调配,35,70130.889,0.65129,34.871,50582.383,0.96233,3823.506,1.00255,15725.0,0.30651,
S3 等量调配,36,70092.471,0.65094,34.906,50547.658,0.96167,3819.814,1.00158,15725.0,0.30651,
S3 等量调配,37,70055.686,0.65059,34.941,50512.974,0.96101,3817.711,1.00103,15725.0,0.30651,
S3 等量调配,38,70019.784,0.65026,34.974,50480.718,0.9604,3814.065,1.00007,15725.0,0.30651,
S3 等量调配,39,69984.177,0.64993,35.007,50448.215,0.95978,3810.962,0.99926,15725.0,0.30651,
S3 等量调配,40,69948.74,0.6496,35.04,50416.153,0.95917,3807.587,0.99838,15725.0,0.30651,
S3 等量调配,41,69913.541,0.64927,35.073,50381.622,0.95852,3806.919,0.9982,15725.0,0.30651,
S3 等量调配,42,69878.519,0.64895,35.105,50350.224,0.95792,3803.295,0.99725,15725.0,0.30651,
S3 等量调配,43,69846.395,0.64865,35.135,50321.592,0.95737,3799.804,0.99634,15725.0,0.30651,
S3 等量调配,44,69815.341,0.64836,35.164,50294.212,0.95685,3796.128,0.99537,15725.0,0.30651,
S3 等量调配,45,69784.486,0.64808,35.192,50267.028,0.95634,3792.458,0.99441,15725.0,0.30651,
S3 等量调配,46,69754.899,0.6478,35.22,50241.089,0.95584,3788.811,0.99345,15725.0,0.30651,
S3 等量调配,47,69725.77,0.64753,35.247,50215.395,0.95535,3785.375,0.99255,15725.0,0.30651,
S3 等量调配,48,69697.24,0.64727,35.273,50190.321,0.95488,3781.919,0.99165,15725.0,0.30651,
S3 等量调配,49,69669.367,0.64701,35.299,50166.034,0.95441,3778.333,0.99071,15725.0,0.30651,
S3 等量调配,50,69642.167,0.64675,35.325,50139.848,0.95392,3777.319,0.99044,15725.0,0.30651,
S3 等量调配,51,69615.679,0.64651,35.349,50116.098,0.95346,3774.581,0.98972,15725.0,0.30651,
S3 等量调配,52,69589.945,0.64627,35.373,50093.875,0.95304,3771.07,0.9888,15725.0,0.30651,
S3 等量调配,53,69565.195,0.64604,35.396,50072.831,0.95264,3767.363,0.98783,15725.0,0.30651,
S3 等量调配,54,69541.404,0.64582,35.418,50050.818,0.95222,3765.586,0.98736,15725.0,0.30651,
S3 等量调配,55,69517.942,0.6456,35.44,50030.804,0.95184,3762.137,0.98646,15725.0,0.30651,
S3 等量调配,56,69494.439,0.64538,35.462,50010.973,0.95146,3758.466,0.9855,15725.0,0.30651,
S3 等量调配,57,69471.13,0.64517,35.483,49991.256,0.95109,3754.873,0.98455,15725.0,0.30651,
S3 等量调配,58,69448.018,0.64495,35.505,49971.729,0.95072,3751.289,0.98361,15725.0,0.30651,
S3 等量调配,59,69425.176,0.64474,35.526,49951.931,0.95034,3748.245,0.98282,15725.0,0.30651,
S3 等量调配,60,69403.417,0.64454,35.546,49932.668,0.94997,3745.749,0.98216,15725.0,0.30651,
S3 等量调配,61,69382.163,0.64434,35.566,49913.822,0.94962,3743.341,0.98153,15725.0,0.30651,
S3 等量调配,62,69360.749,0.64414,35.586,49896.098,0.94928,3739.651,0.98056,15725.0,0.30651,
S3 等量调配,63,69339.561,0.64394,35.606,49878.454,0.94894,3736.107,0.97963,15725.0,0.30651,
S3 等量调配,64,69319.014,0.64375,35.625,49861.365,0.94862,3732.649,0.97873,15725.0,0.30651,
S3 等量调配,65,69298.459,0.64356,35.644,49844.401,0.94829,3729.058,0.97779,15725.0,0.30651,
S3 等量调配,66,69278.394,0.64338,35.662,49827.835,0.94798,3725.559,0.97687,15725.0,0.30651,
S3 等量调配,67,69258.422,0.64319,35.681,49811.468,0.94767,3721.953,0.97592,15725.0,0.30651,
S3 等量调配,68,69238.433,0.643,35.7,49793.369,0.94732,3720.064,0.97543,15725.0,0.30651,
S3 等量调配,69,69219.011,0.64282,35.718,49777.532,0.94702,3716.479,0.97449,15725.0,0.30651,
S3 等量调配,70,69199.769,0.64265,35.735,49759.352,0.94668,3715.417,0.97421,15725.0,0.30651,
S3 等量调配,71,69180.836,0.64247,35.753,49743.76,0.94638,3712.075,0.97333,15725.0,0.30651,
S3 等量调配,72,69161.876,0.64229,35.771,49728.449,0.94609,3708.427,0.97238,15725.0,0.30651,
S3 等量调配,73,69143.126,0.64212,35.788,49713.175,0.9458,3704.951,0.97146,15725.0,0.30651,
S3 等量调配,74,69124.532,0.64195,35.805,49697.063,0.94549,3702.469,0.97081,15725.0,0.30651,
S3 等量调配,75,69106.044,0.64178,35.822,49681.305,0.94519,3699.739,0.9701,15725.0,0.30651,
S3 等量调配,76,69087.98,0.64161,35.839,49666.597,0.94491,3696.383,0.96922,15725.0,0.30651,
S3 等量调配,77,69069.925,0.64144,35.856,49651.513,0.94462,3693.411,0.96844,15725.0,0.30651,
S3 等量调配,78,69052.524,0.64128,35.872,49637.506,0.94436,3690.019,0.96755,15725.0,0.30651,
S3 等量调配,79,69034.948,0.64112,35.888,49623.485,0.94409,3686.464,0.96662,15725.0,0.30651,
S3 等量调配,80,69017.65,0.64095,35.905,49609.755,0.94383,3682.895,0.96568,15725.0,0.30651,5%
S3 等量调配,81,69000.459,0.64079,35.921,49596.031,0.94357,3679.429,0.96477,15725.0,0.30651,
S3 等量调配,82,68983.304,0.64064,35.936,49581.065,0.94328,3677.24,0.9642,15725.0,0.30651,
S3 等量调配,83,68966.383,0.64048,35.952,49567.84,0.94303,3673.543,0.96323,15725.0,0.30651,
S3 等量调配,84,68949.554,0.64032,35.968,49554.606,0.94278,3669.948,0.96229,15725.0,0.30651,
S3 等量调配,85,68932.849,0.64017,35.983,49540.278,0.94251,3667.571,0.96166,15725.0,0.30651,
S3 等量调配,86,68916.982,0.64002,35.998,49527.993,0.94227,3663.989,0.96072,15725.0,0.30651,
S3 等量调配,87,68901.034,0.63987,36.013,49514.807,0.94202,3661.226,0.96,15725.0,0.30651,
S3 等量调配,88,68885.08,0.63972,36.028,49502.39,0.94179,3657.691,0.95907,15725.0,0.30651,
S3 等量调配,89,68869.429,0.63958,36.042,49490.181,0.94156,3654.248,0.95817,15725.0,0.30651,
S3 等量调配,90,68854.071,0.63944,36.056,49477.663,0.94132,3651.408,0.95742,15725.0,0.30651,
S3 等量调配,91,68838.479,0.63929,36.071,49464.793,0.94107,3648.685,0.95671,15725.0,0.30651,
S3 等量调配,92,68823.394,0.63915,36.085,49453.075,0.94085,3645.319,0.95583,15725.0,0.30651,
S3 等量调配,93,68808.506,0.63901,36.099,49441.623,0.94063,3641.884,0.95493,15725.0,0.30651,
S3 等量调配,94,68793.516,0.63887,36.113,49429.304,0.9404,3639.212,0.95423,15725.0,0.30651,
S3 等量调配,95,68778.742,0.63874,36.126,49417.386,0.94017,3636.356,0.95348,15725.0,0.30651,
S3 等量调配,96,68763.697,0.6386,36.14,49405.992,0.93995,3632.704,0.95252,15725.0,0.30651,
S3 等量调配,97,68749.247,0.63846,36.154,49394.979,0.93974,3629.268,0.95162,15725.0,0.30651,
S3 等量调配,98,68734.894,0.63833,36.167,49383.694,0.93953,3626.2,0.95081,15725.0,0.30651,
S3 等量调配,99,68720.667,0.6382,36.18,49373.17,0.93933,3622.497,0.94984,15725.0,0.30651,
S3 等量调配,100,68705.753,0.63806,36.194,49361.83,0.93911,3618.923,0.94891,15725.0,0.30651,
S3 等量调配,101,68691.839,0.63793,36.207,49351.272,0.93891,3615.567,0.94803,15725.0,0.30651,
S3 等量调配,102,68677.639,0.6378,36.22,49340.709,0.93871,3611.931,0.94707,15725.0,0.30651,
S3 等量调配,103,68663.515,0.63767,36.233,49330.061,0.93851,3608.454,0.94616,15725.0,0.30651,
S3 等量调配,104,68649.698,0.63754,36.246,49319.779,0.93831,3604.919,0.94523,15725.0,0.30651,
S3 等量调配,105,68635.968,0.63741,36.259,49309.573,0.93812,3601.395,0.94431,15725.0,0.30651,
S3 等量调配,106,68621.951,0.63728,36.272,49299.254,0.93792,3597.697,0.94334,15725.0,0.30651,
S3 等量调配,107,68608.569,0.63716,36.284,49289.168,0.93773,3594.401,0.94248,15725.0,0.30651,
S3 等量调配,108,68595.229,0.63703,36.297,49278.579,0.93753,3591.651,0.94176,15725.0,0.30651,
S3 等量调配,109,68582.054,0.63691,36.309,49268.927,0.93735,3588.127,0.94083,15725.0,0.30651,
S3 等量调配,110,68568.877,0.63679,36.321,49258.621,0.93715,3585.256,0.94008,15725.0,0.30651,
S3 等量调配,111,68555.637,0.63666,36.334,49248.888,0.93696,3581.749,0.93916,15725.0,0.30651,
S3 等量调配,112,68541.985,0.63654,36.346,49238.912,0.93678,3578.073,0.9382,15725.0,0.30651,
S3 等量调配,113,68528.961,0.63642,36.358,49229.479,0.9366,3574.481,0.93725,15725.0,0.30651,
S3 等量调配,114,68516.044,0.6363,36.37,49220.221,0.93642,3570.822,0.93629,15725.0,0.30651,
S3 等量调配,115,68503.404,0.63618,36.382,49209.938,0.93622,3568.465,0.93568,15725.0,0.30651,
S3 等量调配,116,68491.04,0.63606,36.394,49201.036,0.93605,3565.003,0.93477,15725.0,0.30651,
S3 等量调配,117,68478.62,0.63595,36.405,49192.072,0.93588,3561.548,0.93386,15725.0,0.30651,
S3 等量调配,118,68466.171,0.63583,36.417,49181.465,0.93568,3559.706,0.93338,15725.0,0.30651,
S3 等量调配,119,68453.938,0.63572,36.428,49172.589,0.93551,3556.348,0.9325,15725.0,0.30651,
S3 等量调配,120,68441.658,0.63561,36.439,49163.868,0.93535,3552.789,0.93157,15725.0,0.30651,
S3 等量调配,121,68429.656,0.63549,36.451,49153.841,0.93516,3550.815,0.93105,15725.0,0.30651,
S3 等量调配,122,68417.571,0.63538,36.462,49144.713,0.93498,3547.858,0.93027,15725.0,0.30651,
S3 等量调配,123,68405.643,0.63527,36.473,49135.821,0.93481,3544.821,0.92948,15725.0,0.30651,
S3 等量调配,124,68393.645,0.63516,36.484,49127.39,0.93465,3541.255,0.92854,15725.0,0.30651,
S3 等量调配,125,68381.873,0.63505,36.495,49119.16,0.9345,3537.713,0.92761,15725.0,0.30651,
S3 等量调配,126,68370.131,0.63494,36.506,49110.807,0.93434,3534.323,0.92672,15725.0,0.30651,
S3 等量调配,127,68358.286,0.63483,36.517,49101.935,0.93417,3531.351,0.92594,15725.0,0.30651,
S3 等量调配,128,68346.661,0.63472,36.528,49093.602,0.93401,3528.059,0.92508,15725.0,0.30651,
S3 等量调配,129,68334.956,0.63461,36.539,49085.34,0.93385,3524.617,0.92418,15725.0,0.30651,
S3 等量调配,130,68323.534,0.63451,36.549,49075.614,0.93367,3522.92,0.92373,15725.0,0.30651,
S3 等量调配,131,68311.949,0.6344,36.56,49066.682,0.9335,3520.267,0.92304,15725.0,0.30651,
S3 等量调配,132,68300.684,0.6343,36.57,49057.714,0.93333,3517.971,0.92244,15725.0,0.30651,
S3 等量调配,133,68289.154,0.63419,36.581,49049.744,0.93318,3514.409,0.9215,15725.0,0.30651,
S3 等量调配,134,68277.92,0.63408,36.592,49042.091,0.93303,3510.829,0.92056,15725.0,0.30651,
S3 等量调配,135,68266.497,0.63398,36.602,49034.356,0.93288,3507.141,0.9196,15725.0,0.30651,
S3 等量调配,136,68255.384,0.63388,36.612,49026.526,0.93273,3503.858,0.91874,15725.0,0.30651,
S3 等量调配,137,68244.54,0.63377,36.623,49018.845,0.93259,3500.695,0.91791,15725.0,0.30651,
S3 等量调配,138,68233.603,0.63367,36.633,49009.759,0.93242,3498.844,0.91742,15725.0,0.30651,
S3 等量调配,139,68222.704,0.63357,36.643,49002.474,0.93228,3495.23,0.91647,15725.0,0.30651,
S3 等量调配,140,68211.881,0.63347,36.653,48994.42,0.93212,3492.46,0.91575,15725.0,0.30651,
S3 等量调配,141,68201.263,0.63337,36.663,48986.775,0.93198,3489.489,0.91497,15725.0,0.30651,
S3 等量调配,142,68190.808,0.63328,36.672,48979.651,0.93184,3486.157,0.91409,15725.0,0.30651,
S3 等量调配,143,68180.169,0.63318,36.682,48972.639,0.93171,3482.53,0.91314,15725.0,0.30651,
S3 等量调配,144,68169.406,0.63308,36.692,48965.501,0.93157,3478.905,0.91219,15725.0,0.30651,
S3 等量调配,145,68159.135,0.63298,36.702,48958.615,0.93144,3475.521,0.91131,15725.0,0.30651,
S3 等量调配,146,68148.848,0.63289,36.711,48950.82,0.93129,3473.028,0.91065,15725.0,0.30651,
S3 等量调配,147,68138.193,0.63279,36.721,48943.787,0.93116,3469.406,0.9097,15725.0,0.30651,
S3 等量调配,148,68127.909,0.63269,36.731,48936.705,0.93103,3466.204,0.90886,15725.0,0.30651,
S3 等量调配,149,68117.573,0.6326,36.74,48928.219,0.93086,3464.354,0.90838,15725.0,0.30651,
S3 等量调配,150,68107.455,0.6325,36.75,48918.86,0.93069,3463.595,0.90818,15725.0,0.30651,
S3 等量调配,151,68097.419,0.63241,36.759,48911.374,0.93054,3461.045,0.90751,15725.0,0.30651,
S3 等量调配,152,68087.413,0.63232,36.768,48904.152,0.93041,3458.262,0.90678,15725.0,0.30651,
S3 等量调配,153,68077.328,0.63222,36.778,48897.654,0.93028,3454.673,0.90584,15725.0,0.30651,
S3 等量调配,154,68067.523,0.63213,36.787,48890.886,0.93015,3451.637,0.90504,15725.0,0.30651,
S3 等量调配,155,68057.777,0.63204,36.796,48884.12,0.93003,3448.658,0.90426,15725.0,0.30651,
S3 等量调配,156,68048.007,0.63195,36.805,48877.769,0.9299,3445.237,0.90337,15725.0,0.30651,
S3 等量调配,157,68038.355,0.63186,36.814,48871.068,0.92978,3442.287,0.90259,15725.0,0.30651,
S3 等量调配,158,68028.636,0.63177,36.823,48864.702,0.92966,3438.934,0.90171,15725.0,0.30651,
S3 等量调配,159,68019.061,0.63168,36.832,48858.526,0.92954,3435.535,0.90082,15725.0,0.30651,10%
S3 等量调配,160,68009.59,0.63159,36.841,48852.74,0.92943,3431.851,0.89986,15725.0,0.30651,
S3 等量调配,161,68000.018,0.6315,36.85,48845.873,0.9293,3429.145,0.89915,15725.0,0.30651,
S3 等量调配,162,67990.625,0.63142,36.858,48840.13,0.92919,3425.495,0.89819,15725.0,0.30651,
S3 等量调配,163,67981.278,0.63133,36.867,48834.168,0.92907,3422.11,0.8973,15725.0,0.30651,
S3 等量调配,164,67971.902,0.63124,36.876,48827.441,0.92895,3419.461,0.89661,15725.0,0.30651,
S3 等量调配,165,67962.61,0.63116,36.884,48821.795,0.92884,3415.814,0.89565,15725.0,0.30651,
S3 等量调配,166,67953.612,0.63107,36.893,48813.406,0.92868,3415.206,0.89549,15725.0,0.30651,
S3 等量调配,167,67941.546,0.63096,36.904,48805.036,0.92852,3411.511,0.89452,15725.0,0.30651,
S3 等量调配,168,67932.708,0.63088,36.912,48799.633,0.92842,3408.075,0.89362,15725.0,0.30651,
S3 等量调配,169,67923.574,0.63079,36.921,48794.161,0.92831,3404.413,0.89266,15725.0,0.30651,
S3 等量调配,170,67914.614,0.63071,36.929,48788.588,0.92821,3401.026,0.89177,15725.0,0.30651,
S3 等量调配,171,67905.404,0.63063,36.937,48780.914,0.92806,3399.489,0.89137,15725.0,0.30651,
S3 等量调配,172,67896.523,0.63054,36.946,48774.79,0.92795,3396.734,0.89065,15725.0,0.30651,
S3 等量调配,173,67887.631,0.63046,36.954,48769.529,0.92785,3393.103,0.8897,15725.0,0.30651,
S3 等量调配,174,67878.737,0.63038,36.962,48763.418,0.92773,3390.32,0.88897,15725.0,0.30651,
S3 等量调配,175,67869.657,0.63029,36.971,48757.816,0.92762,3386.841,0.88805,15725.0,0.30651,
S3 等量调配,176,67860.885,0.63021,36.979,48750.232,0.92748,3385.653,0.88774,15725.0,0.30651,
S3 等量调配,177,67852.16,0.63013,36.987,48745.032,0.92738,3382.128,0.88682,15725.0,0.30651,
S3 等量调配,178,67842.958,0.63005,36.995,48739.173,0.92727,3378.786,0.88594,15725.0,0.30651,
S3 等量调配,179,67834.226,0.62996,37.004,48733.821,0.92717,3375.405,0.88505,15725.0,0.30651,
S3 等量调配,180,67825.533,0.62988,37.012,48728.72,0.92707,3371.813,0.88411,15725.0,0.30651,
S3 等量调配,181,67816.683,0.6298,37.02,48721.655,0.92693,3370.028,0.88365,15725.0,0.30651,
S3 等量调配,182,67808.212,0.62972,37.028,48716.377,0.92683,3366.835,0.88281,15725.0,0.30651,
S3 等量调配,183,67799.123,0.62964,37.036,48710.596,0.92672,3363.527,0.88194,15725.0,0.30651,
S3 等量调配,184,67790.338,0.62956,37.044,48705.476,0.92663,3359.862,0.88098,15725.0,0.30651,
S3 等量调配,185,67781.766,0.62948,37.052,48700.15,0.92653,3356.616,0.88013,15725.0,0.30651,
S3 等量调配,186,67773.234,0.6294,37.06,48694.473,0.92642,3353.761,0.87938,15725.0,0.30651,
S3 等量调配,187,67764.712,0.62932,37.068,48688.789,0.92631,3350.923,0.87864,15725.0,0.30651,
S3 等量调配,188,67756.174,0.62924,37.076,48683.806,0.92621,3347.368,0.8777,15725.0,0.30651,
S3 等量调配,189,67747.815,0.62916,37.084,48676.502,0.92608,3346.313,0.87743,15725.0,0.30651,
S3 等量调配,190,67739.502,0.62908,37.092,48671.787,0.92599,3342.714,0.87648,15725.0,0.30651,
S3 等量调配,191,67731.197,0.62901,37.099,48667.151,0.9259,3339.045,0.87552,15725.0,0.30651,
S3 等量调配,192,67722.552,0.62893,37.107,48662.094,0.9258,3335.458,0.87458,15725.0,0.30651,
S3 等量调配,193,67714.111,0.62885,37.115,48657.258,0.92571,3331.853,0.87364,15725.0,0.30651,
S3 等量调配,194,67705.84,0.62877,37.123,48650.626,0.92558,3330.214,0.87321,15725.0,0.30651,
S3 等量调配,195,67697.808,0.6287,37.13,48645.949,0.92549,3326.859,0.87233,15725.0,0.30651,
S3 等量调配,196,67689.744,0.62862,37.138,48641.498,0.92541,3323.245,0.87138,15725.0,0.30651,
S3 等量调配,197,67681.598,0.62855,37.145,48635.998,0.9253,3320.601,0.87068,15725.0,0.30651,
S3 等量调配,198,67673.313,0.62847,37.153,48629.087,0.92517,3319.226,0.87032,15725.0,0.30651,
S3 等量调配,199,67665.064,0.62839,37.161,48624.32,0.92508,3315.744,0.86941,15725.0,0.30651,
S3 等量调配,200,67657.008,0.62832,37.168,48619.821,0.925,3312.187,0.86848,15725.0,0.30651,
S3 等量调配,201,67648.772,0.62824,37.176,48614.912,0.9249,3308.86,0.86761,15725.0,0.30651,
S3 等量调配,202,67640.657,0.62817,37.183,48609.564,0.9248,3306.094,0.86688,15725.0,0.30651,
S3 等量调配,203,67632.515,0.62809,37.191,48604.852,0.92471,3302.663,0.86598,15725.0,0.30651,
S3 等量调配,204,67624.64,0.62802,37.198,48600.41,0.92463,3299.23,0.86508,15725.0,0.30651,
S3 等量调配,205,67616.981,0.62795,37.205,48596.181,0.92455,3295.799,0.86418,15725.0,0.30651,
S3 等量调配,206,67608.988,0.62787,37.213,48591.545,0.92446,3292.443,0.8633,15725.0,0.30651,
S3 等量调配,207,67600.908,0.6278,37.22,48586.33,0.92436,3289.578,0.86255,15725.0,0.30651,
S3 等量调配,208,67592.661,0.62772,37.228,48581.751,0.92427,3285.91,0.86159,15725.0,0.30651,
S3 等量调配,209,67584.99,0.62765,37.235,48577.427,0.92419,3282.563,0.86071,15725.0,0.30651,
S3 等量调配,210,67576.956,0.62757,37.243,48570.42,0.92406,3281.536,0.86044,15725.0,0.30651,
S3 等量调配,211,67569.076,0.6275,37.25,48565.393,0.92396,3278.683,0.85969,15725.0,0.30651,
S3 等量调配,212,67561.233,0.62743,37.257,48560.974,0.92388,3275.259,0.8588,15725.0,0.30651,
S3 等量调配,213,67553.464,0.62736,37.264,48555.625,0.92378,3272.84,0.85816,15725.0,0.30651,
S3 等量调配,214,67545.772,0.62729,37.271,48548.686,0.92364,3272.086,0.85796,15725.0,0.30651,
S3 等量调配,215,67537.764,0.62721,37.279,48544.102,0.92356,3268.662,0.85707,15725.0,0.30651,
S3 等量调配,216,67530.193,0.62714,37.286,48539.96,0.92348,3265.233,0.85617,15725.0,0.30651,
S3 等量调配,217,67521.191,0.62706,37.294,48534.627,0.92338,3261.564,0.85521,15725.0,0.30651,
S3 等量调配,218,67513.48,0.62699,37.301,48530.39,0.9233,3258.09,0.85429,15725.0,0.30651,
S3 等量调配,219,67505.671,0.62691,37.309,48525.856,0.92321,3254.815,0.85344,15725.0,0.30651,
S3 等量调配,220,67498.451,0.62685,37.315,48520.522,0.92311,3252.929,0.85294,15725.0,0.30651,
S3 等量调配,221,67490.835,0.62678,37.322,48516.421,0.92303,3249.414,0.85202,15725.0,0.30651,
S3 等量调配,222,67483.547,0.62671,37.329,48512.123,0.92295,3246.425,0.85124,15725.0,0.30651,
S3 等量调配,223,67476.301,0.62664,37.336,48507.598,0.92286,3243.703,0.85052,15725.0,0.30651,
S3 等量调配,224,67468.969,0.62657,37.343,48501.862,0.92275,3242.107,0.8501,15725.0,0.30651,
S3 等量调配,225,67461.544,0.6265,37.35,48497.945,0.92268,3238.6,0.84918,15725.0,0.30651,
S3 等量调配,226,67453.823,0.62643,37.357,48493.719,0.9226,3235.103,0.84827,15725.0,0.30651,
S3 等量调配,227,67446.185,0.62636,37.364,48489.327,0.92251,3231.858,0.84742,15725.0,0.30651,
S3 等量调配,228,67438.732,0.62629,37.371,48485.334,0.92244,3228.399,0.84651,15725.0,0.30651,
S3 等量调配,229,67431.258,0.62622,37.378,48481.343,0.92236,3224.915,0.8456,15725.0,0.30651,
S3 等量调配,230,67423.771,0.62615,37.385,48476.618,0.92227,3222.152,0.84487,15725.0,0.30651,
S3 等量调配,231,67416.264,0.62608,37.392,48472.72,0.9222,3218.545,0.84392,15725.0,0.30651,
S3 等量调配,232,67409.337,0.62602,37.398,48468.948,0.92213,3215.388,0.8431,15725.0,0.30651,
S3 等量调配,233,67402.173,0.62595,37.405,48465.172,0.92205,3212.001,0.84221,15725.0,0.30651,
S3 等量调配,234,67394.633,0.62588,37.412,48461.242,0.92198,3208.392,0.84126,15725.0,0.30651,
S3 等量调配,235,67387.387,0.62581,37.419,48454.73,0.92186,3207.656,0.84107,15725.0,0.30651,
S3 等量调配,236,67379.952,0.62575,37.425,48450.264,0.92177,3204.688,0.84029,15725.0,0.30651,
S3 等量调配,237,67372.584,0.62568,37.432,48446.464,0.9217,3201.12,0.83936,15725.0,0.30651,
S3 等量调配,238,67365.541,0.62561,37.439,48440.419,0.92158,3200.122,0.83909,15725.0,0.30651,
S3 等量调配,239,67358.367,0.62554,37.446,48436.633,0.92151,3196.734,0.83821,15725.0,0.30651,
S3 等量调配,240,67351.316,0.62548,37.452,48432.925,0.92144,3193.391,0.83733,15725.0,0.30651,
S3 等量调配,241,67344.664,0.62542,37.458,48427.18,0.92133,3192.484,0.83709,15725.0,0.30651,
S3 等量调配,242,67337.404,0.62535,37.465,48422.898,0.92125,3189.506,0.83631,15725.0,0.30651,
S3 等量调配,243,67330.311,0.62528,37.472,48418.503,0.92117,3186.808,0.8356,15725.0,0.30651,
S3 等量调配,244,67323.03,0.62522,37.478,48413.443,0.92107,3184.587,0.83502,15725.0,0.30651,
S3 等量调配,245,67316.047,0.62515,37.485,48409.176,0.92099,3181.871,0.83431,15725.0,0.30651,
S3 等量调配,246,67309.159,0.62509,37.491,48403.992,0.92089,3180.167,0.83386,15725.0,0.30651,
S3 等量调配,247,67302.136,0.62502,37.498,48400.332,0.92082,3176.804,0.83298,15725.0,0.30651,
S3 等量调配,248,67295.172,0.62496,37.504,48395.975,0.92074,3174.198,0.8323,15725.0,0.30651,
S3 等量调配,249,67288.065,0.62489,37.511,48392.515,0.92067,3170.55,0.83134,15725.0,0.30651,
S3 等量调配,250,67280.912,0.62483,37.517,48389.037,0.92061,3166.875,0.83038,15725.0,0.30651,
S3 等量调配,251,67273.832,0.62476,37.524,48384.844,0.92053,3163.988,0.82962,15725.0,0.30651,
S3 等量调配,252,67266.69,0.62469,37.531,48381.145,0.92046,3160.544,0.82872,15725.0,0.30651,
S3 等量调配,253,67259.771,0.62463,37.537,48376.407,0.92037,3158.364,0.82815,15725.0,0.30651,
S3 等量调配,254,67252.846,0.62457,37.543,48373.072,0.9203,3154.774,0.8272,15725.0,0.30651,
S3 等量调配,255,67246.035,0.6245,37.55,48367.4,0.92019,3153.636,0.82691,15725.0,0.30651,
S3 等量调配,256,67239.333,0.62444,37.556,48363.529,0.92012,3150.804,0.82616,15725.0,0.30651,
S3 等量调配,257,67232.174,0.62437,37.563,48359.999,0.92005,3147.175,0.82521,15725.0,0.30651,
S3 等量调配,258,67225.904,0.62431,37.569,48356.997,0.92,3143.907,0.82435,15725.0,0.30651,
S3 等量调配,259,67218.841,0.62425,37.575,48353.549,0.91993,3140.292,0.82341,15725.0,0.30651,
S3 等量调配,260,67212.163,0.62419,37.581,48350.041,0.91986,3137.122,0.82258,15725.0,0.30651,
S3 等量调配,261,67205.313,0.62412,37.588,48346.305,0.91979,3134.008,0.82176,15725.0,0.30651,
S3 等量调配,262,67198.24,0.62406,37.594,48342.866,0.91973,3130.375,0.82081,15725.0,0.30651,
S3 等量调配,263,67191.686,0.624,37.6,48338.667,0.91965,3128.02,0.82019,15725.0,0.30651,
S3 等量调配,264,67184.764,0.62393,37.607,48332.558,0.91953,3127.206,0.81998,15725.0,0.30651,
S3 等量调配,265,67178.304,0.62387,37.613,48329.51,0.91947,3123.793,0.81908,15725.0,0.30651,
S3 等量调配,266,67171.906,0.62381,37.619,48326.045,0.91941,3120.861,0.81831,15725.0,0.30651,
S3 等量调配,267,67164.625,0.62375,37.625,48322.44,0.91934,3117.185,0.81735,15725.0,0.30651,
S3 等量调配,268,67158.234,0.62369,37.631,48319.199,0.91928,3114.035,0.81652,15725.0,0.30651,
S3 等量调配,269,67151.772,0.62363,37.637,48314.764,0.91919,3112.008,0.81599,15725.0,0.30651,
S3 等量调配,270,67145.285,0.62357,37.643,48311.16,0.91912,3109.125,0.81523,15725.0,0.30651,
S3 等量调配,271,67138.646,0.6235,37.65,48305.81,0.91902,3107.835,0.8149,15725.0,0.30651,
S3 等量调配,272,67131.927,0.62344,37.656,48302.49,0.91896,3104.437,0.81401,15725.0,0.30651,
S3 等量调配,273,67125.504,0.62338,37.662,48299.424,0.9189,3101.08,0.81312,15725.0,0.30651,
S3 等量调配,274,67119.197,0.62332,37.668,48296.142,0.91884,3098.056,0.81233,15725.0,0.30651,
S3 等量调配,275,67112.881,0.62327,37.673,48290.479,0.91873,3097.402,0.81216,15725.0,0.30651,
S3 等量调配,276,67106.551,0.62321,37.679,48287.484,0.91867,3094.067,0.81129,15725.0,0.30651,
S3 等量调配,277,67100.175,0.62315,37.685,48284.762,0.91862,3090.413,0.81033,15725.0,0.30651,
S3 等量调配,278,67093.936,0.62309,37.691,48281.958,0.91857,3086.978,0.80943,15725.0,0.30651,
S3 等量调配,279,67088.085,0.62303,37.697,48279.165,0.91852,3083.921,0.80863,15725.0,0.30651,
S3 等量调配,280,67081.741,0.62298,37.702,48273.344,0.91841,3083.398,0.80849,15725.0,0.30651,
S3 等量调配,281,67075.922,0.62292,37.708,48270.187,0.91835,3080.735,0.80779,15725.0,0.30651,
S3 等量调配,282,67069.799,0.62287,37.713,48267.476,0.91829,3077.323,0.8069,15725.0,0.30651,
S3 等量调配,283,67063.514,0.62281,37.719,48264.75,0.91824,3073.764,0.80596,15725.0,0.30651,
S3 等量调配,284,67057.735,0.62275,37.725,48261.219,0.91817,3071.516,0.80537,15725.0,0.30651,
S3 等量调配,285,67051.905,0.6227,37.73,48258.754,0.91813,3068.151,0.80449,15725.0,0.30651,
S3 等量调配,286,67045.773,0.62264,37.736,48256.296,0.91808,3064.478,0.80353,15725.0,0.30651,
S3 等量调配,287,67039.481,0.62258,37.742,48252.925,0.91802,3061.557,0.80276,15725.0,0.30651,
S3 等量调配,288,67033.333,0.62253,37.747,48250.284,0.91797,3058.049,0.80184,15725.0,0.30651,
S3 等量调配,289,67028.021,0.62248,37.752,48248.372,0.91793,3054.649,0.80095,15725.0,0.30651,
S3 等量调配,290,67200.975,0.62408,37.592,48246.178,0.91789,3051.226,0.80005,15903.571,0.30999,
S3 等量调配,291,67194.521,0.62402,37.598,48243.041,0.91783,3047.909,0.79918,15903.571,0.30999,
S3 等量调配,292,67188.397,0.62397,37.603,48239.915,0.91777,3044.911,0.7984,15903.571,0.30999,
S3 等量调配,293,67182.393,0.62391,37.609,48237.253,0.91772,3041.569,0.79752,15903.571,0.30999,
S3 等量调配,294,67176.129,0.62385,37.615,48234.557,0.91767,3038.0,0.79658,15903.571,0.30999,
S3 等量调配,295,67170.017,0.6238,37.62,48230.959,0.9176,3035.486,0.79593,15903.571,0.30999,
S3 等量调配,296,67163.813,0.62374,37.626,48227.721,0.91754,3032.521,0.79515,15903.571,0.30999,
S3 等量调配,297,67157.71,0.62368,37.632,48225.128,0.91749,3029.011,0.79423,15903.571,0.30999,
S3 等量调配,298,67151.77,0.62363,37.637,48221.564,0.91742,3026.634,0.7936,15903.571,0.30999,
S3 等量调配,299,67145.826,0.62357,37.643,48219.283,0.91738,3022.972,0.79264,15903.571,0.30999,
S3 等量调配,300,67139.858,0.62352,37.648,48215.142,0.9173,3021.144,0.79217,15903.571,0.30999,
S3 等量调配,301,67133.921,0.62346,37.654,48212.588,0.91725,3017.762,0.79128,15903.571,0.30999,
S3 等量调配,302,67128.024,0.62341,37.659,48210.346,0.91721,3014.107,0.79032,15903.571,0.30999,
S3 等量调配,303,67122.226,0.62335,37.665,48206.018,0.91712,3012.636,0.78993,15903.571,0.30999,
S3 等量调配,304,67116.95,0.6233,37.67,48203.809,0.91708,3009.57,0.78913,15903.571,0.30999,
S3 等量调配,305,67111.186,0.62325,37.675,48201.679,0.91704,3005.936,0.78818,15903.571,0.30999,
S3 等量调配,306,67105.325,0.6232,37.68,48199.058,0.91699,3002.696,0.78733,15903.571,0.30999,
S3 等量调配,307,67099.793,0.62314,37.686,48196.232,0.91694,2999.99,0.78662,15903.571,0.30999,
S3 等量调配,308,67093.876,0.62309,37.691,48191.06,0.91684,2999.245,0.78642,15903.571,0.30999,
S3 等量调配,309,67088.119,0.62304,37.696,48188.709,0.91679,2995.838,0.78553,15903.571,0.30999,
S3 等量调配,310,67081.993,0.62298,37.702,48186.114,0.91675,2992.308,0.7846,15903.571,0.30999,
S3 等量调配,311,67076.507,0.62293,37.707,48183.683,0.9167,2989.252,0.7838,15903.571,0.30999,
S3 等量调配,312,67070.515,0.62287,37.713,48180.233,0.91663,2986.71,0.78314,15903.571,0.30999,
S3 等量调配,313,67065.375,0.62282,37.718,48178.483,0.9166,2983.321,0.78225,15903.571,0.30999,
S3 等量调配,314,67059.587,0.62277,37.723,48176.393,0.91656,2979.622,0.78128,15903.571,0.30999,
S3 等量调配,315,67053.993,0.62272,37.728,48172.086,0.91648,2978.336,0.78094,15903.571,0.30999,
S3 等量调配,316,67048.497,0.62267,37.733,48169.958,0.91644,2974.968,0.78006,15903.571,0.30999,
S3 等量调配,317,67042.929,0.62262,37.738,48167.216,0.91639,2972.142,0.77932,15903.571,0.30999,
S3 等量调配,318,67037.136,0.62256,37.744,48164.715,0.91634,2968.85,0.77845,15903.571,0.30999,20%
S3 等量调配,319,67031.209,0.62251,37.749,48162.436,0.9163,2965.201,0.7775,15903.571,0.30999,
S3 等量调配,320,67025.584,0.62245,37.755,48160.396,0.91626,2961.617,0.77656,15903.571,0.30999,
S3 等量调配,321,67019.98,0.6224,37.76,48158.38,0.91622,2958.029,0.77562,15903.571,0.30999,
S3 等量调配,322,67014.422,0.62235,37.765,48156.302,0.91618,2954.548,0.7747,15903.571,0.30999,
S3 等量调配,323,67008.882,0.6223,37.77,48151.692,0.91609,2953.619,0.77446,15903.571,0.30999,
S3 等量调配,324,67003.366,0.62225,37.775,48148.994,0.91604,2950.8,0.77372,15903.571,0.30999,
S3 等量调配,325,66997.709,0.6222,37.78,48145.832,0.91598,2948.306,0.77307,15903.571,0.30999,
S3 等量调配,326,66991.85,0.62214,37.786,48143.624,0.91594,2944.655,0.77211,15903.571,0.30999,
S3 等量调配,327,66986.531,0.62209,37.791,48141.647,0.9159,2941.312,0.77123,15903.571,0.30999,
S3 等量调配,328,66980.641,0.62204,37.796,48139.395,0.91586,2937.675,0.77028,15903.571,0.30999,
S3 等量调配,329,66975.2,0.62199,37.801,48137.129,0.91581,2934.5,0.76945,15903.571,0.30999,
S3 等量调配,330,66969.711,0.62194,37.806,48134.993,0.91577,2931.146,0.76857,15903.571,0.30999,
S3 等量调配,331,66964.253,0.62188,37.812,48133.115,0.91574,2927.566,0.76763,15903.571,0.30999,
S3 等量调配,332,66957.969,0.62183,37.817,48128.115,0.91564,2926.283,0.76729,15903.571,0.30999,
S3 等量调配,333,66952.642,0.62178,37.822,48125.99,0.9156,2923.081,0.76645,15903.571,0.30999,
S3 等量调配,334,66946.986,0.62172,37.828,48123.567,0.91556,2919.848,0.7656,15903.571,0.30999,
S3 等量调配,335,66941.729,0.62168,37.832,48121.286,0.91551,2916.872,0.76482,15903.571,0.30999,
S3 等量调配,336,66936.158,0.62162,37.838,48116.708,0.91543,2915.879,0.76456,15903.571,0.30999,
S3 等量调配,337,66930.516,0.62157,37.843,48114.481,0.91538,2912.464,0.76367,15903.571,0.30999,
S3 等量调配,338,66925.128,0.62152,37.848,48112.744,0.91535,2908.812,0.76271,15903.571,0.30999,
S3 等量调配,339,66919.863,0.62147,37.853,48111.054,0.91532,2905.238,0.76177,15903.571,0.30999,
S3 等量调配,340,66914.392,0.62142,37.858,48108.356,0.91527,2902.465,0.76105,15903.571,0.30999,
S3 等量调配,341,66909.014,0.62137,37.863,48106.243,0.91523,2899.199,0.76019,15903.571,0.30999,
S3 等量调配,342,66903.561,0.62132,37.868,48103.907,0.91518,2896.083,0.75937,15903.571,0.30999,
S3 等量调配,343,66898.298,0.62127,37.873,48102.299,0.91515,2892.427,0.75841,15903.571,0.30999,
S3 等量调配,344,66892.894,0.62122,37.878,48098.251,0.91507,2891.072,0.75806,15903.571,0.30999,
S3 等量调配,345,66888.096,0.62118,37.882,48096.792,0.91505,2887.733,0.75718,15903.571,0.30999,
S3 等量调配,346,66882.666,0.62113,37.887,48094.856,0.91501,2884.238,0.75627,15903.571,0.30999,
S3 等量调配,347,66877.469,0.62108,37.892,48090.753,0.91493,2883.145,0.75598,15903.571,0.30999,
S3 等量调配,348,66872.882,0.62104,37.896,48088.947,0.9149,2880.363,0.75525,15903.571,0.30999,
S3 等量调配,349,66868.292,0.62099,37.901,48087.534,0.91487,2877.186,0.75442,15903.571,0.30999,
S3 等量调配,350,66862.967,0.62094,37.906,48083.731,0.9148,2875.664,0.75402,15903.571,0.30999,
S3 等量调配,351,66857.803,0.6209,37.91,48080.695,0.91474,2873.537,0.75346,15903.571,0.30999,
S3 等量调配,352,66852.524,0.62085,37.915,48078.989,0.91471,2869.963,0.75252,15903.571,0.30999,
S3 等量调配,353,66847.399,0.6208,37.92,48077.193,0.91467,2866.634,0.75165,15903.571,0.30999,
S3 等量调配,354,66842.536,0.62075,37.925,48073.65,0.91461,2865.314,0.75131,15903.571,0.30999,
S3 等量调配,355,66837.674,0.62071,37.929,48071.797,0.91457,2862.306,0.75052,15903.571,0.30999,
S3 等量调配,356,66832.624,0.62066,37.934,48068.404,0.91451,2860.649,0.75008,15903.571,0.30999,
S3 等量调配,357,66827.319,0.62061,37.939,48066.128,0.91446,2857.62,0.74929,15903.571,0.30999,
S3 等量调配,358,66822.396,0.62057,37.943,48064.678,0.91444,2854.146,0.74838,15903.571,0.30999,
S3 等量调配,359,66817.736,0.62052,37.948,48063.017,0.9144,2851.148,0.74759,15903.571,0.30999,
S3 等量调配,360,66812.916,0.62048,37.952,48060.036,0.91435,2849.309,0.74711,15903.571,0.30999,
S3 等量调配,361,66807.377,0.62043,37.957,48058.167,0.91431,2845.638,0.74615,15903.571,0.30999,
S3 等量调配,362,66801.501,0.62037,37.963,48054.856,0.91425,2843.073,0.74547,15903.571,0.30999,
S3 等量调配,363,66796.843,0.62033,37.967,48051.417,0.91418,2841.855,0.74515,15903.571,0.30999,
S3 等量调配,364,66791.931,0.62028,37.972,48050.117,0.91416,2838.242,0.74421,15903.571,0.30999,
S3 等量调配,365,66787.023,0.62024,37.976,48048.851,0.91413,2834.601,0.74325,15903.571,0.30999,
S3 等量调配,366,66782.067,0.62019,37.981,48047.357,0.91411,2831.138,0.74234,15903.571,0.30999,
S3 等量调配,367,66777.074,0.62015,37.985,48045.603,0.91407,2827.9,0.7415,15903.571,0.30999,
S3 等量调配,368,66772.175,0.6201,37.99,48043.792,0.91404,2824.812,0.74069,15903.571,0.30999,
S3 等量调配,369,66767.345,0.62006,37.994,48041.235,0.91399,2822.539,0.74009,15903.571,0.30999,
S3 等量调配,370,66762.449,0.62001,37.999,48038.363,0.91393,2820.514,0.73956,15903.571,0.30999,
S3 等量调配,371,66757.508,0.61996,38.004,48037.113,0.91391,2816.823,0.73859,15903.571,0.30999,
S3 等量调配,372,66752.153,0.61992,38.008,48031.835,0.91381,2816.746,0.73857,15903.571,0.30999,
S3 等量调配,373,66747.285,0.61987,38.013,48030.408,0.91378,2813.306,0.73767,15903.571,0.30999,
S3 等量调配,374,66742.213,0.61982,38.018,48028.45,0.91375,2810.192,0.73685,15903.571,0.30999,
S3 等量调配,375,66737.472,0.61978,38.022,48027.207,0.91372,2806.694,0.73593,15903.571,0.30999,
S3 等量调配,376,66732.57,0.61973,38.027,48025.782,0.9137,2803.216,0.73502,15903.571,0.30999,
S3 等量调配,377,66727.349,0.61968,38.032,48023.361,0.91365,2800.416,0.73429,15903.571,0.30999,
S3 等量调配,378,66722.544,0.61964,38.036,48021.907,0.91362,2797.066,0.73341,15903.571,0.30999,
S3 等量调配,379,66717.792,0.6196,38.04,48020.578,0.9136,2793.643,0.73251,15903.571,0.30999,
S3 等量调配,380,66713.361,0.61955,38.045,48019.15,0.91357,2790.64,0.73173,15903.571,0.30999,
S3 等量调配,381,66708.845,0.61951,38.049,48017.302,0.91353,2787.972,0.73103,15903.571,0.30999,
S3 等量调配,382,66704.235,0.61947,38.053,48016.268,0.91351,2784.396,0.73009,15903.571,0.30999,
S3 等量调配,383,66699.444,0.61943,38.057,48015.043,0.91349,2780.829,0.72915,15903.571,0.30999,
S3 等量调配,384,66694.254,0.61938,38.062,48013.136,0.91345,2777.547,0.72829,15903.571,0.30999,
S3 等量调配,385,66689.81,0.61934,38.066,48011.908,0.91343,2774.33,0.72745,15903.571,0.30999,
S3 等量调配,386,66684.736,0.61929,38.071,48010.376,0.9134,2770.789,0.72652,15903.571,0.30999,
S3 等量调配,387,66680.858,0.61925,38.075,48008.497,0.91337,2768.79,0.726,15903.571,0.30999,
S3 等量调配,388,66676.541,0.61921,38.079,48007.634,0.91335,2765.336,0.72509,15903.571,0.30999,
S3 等量调配,389,66672.039,0.61917,38.083,48005.813,0.91332,2762.654,0.72439,15903.571,0.30999,
S3 等量调配,390,66667.17,0.61913,38.087,48002.164,0.91325,2761.435,0.72407,15903.571,0.30999,
S3 等量调配,391,66662.95,0.61909,38.091,48000.689,0.91322,2758.689,0.72335,15903.571,0.30999,
S3 等量调配,392,66658.42,0.61904,38.096,47999.549,0.9132,2755.299,0.72246,15903.571,0.30999,
S3 等量调配,393,66653.935,0.619,38.1,47997.689,0.91316,2752.675,0.72177,15903.571,0.30999,
S3 等量调配,394,66649.529,0.61896,38.104,47996.419,0.91314,2749.538,0.72095,15903.571,0.30999,
S3 等量调配,395,66644.97,0.61892,38.108,47993.14,0.91307,2748.258,0.72061,15903.571,0.30999,
S3 等量调配,396,66640.761,0.61888,38.112,47992.266,0.91306,2744.924,0.71974,15903.571,0.30999,
S3 等量调配,397,66636.641,0.61884,38.116,47991.367,0.91304,2741.702,0.71889,15903.571,0.30999,
S3 等量调配,398,66633.773,0.61882,38.118,47991.978,0.91305,2738.224,0.71798,15903.571,0.30999,
S3 等量调配,399,66629.399,0.61878,38.122,47989.987,0.91301,2735.84,0.71736,15903.571,0.30999,
S3 等量调配,400,66624.981,0.61873,38.127,47988.459,0.91299,2732.951,0.7166,15903.571,0.30999,
S3 等量调配,401,66620.706,0.61869,38.131,47987.365,0.91296,2729.77,0.71576,15903.571,0.30999,
S3 等量调配,402,66616.287,0.61865,38.135,47984.57,0.91291,2728.146,0.71534,15903.571,0.30999,
S3 等量调配,403,66612.001,0.61861,38.139,47983.401,0.91289,2725.029,0.71452,15903.571,0.30999,
S3 等量调配,404,66607.509,0.61857,38.143,47982.386,0.91287,2721.552,0.71361,15903.571,0.30999,
S3 等量调配,405,66603.664,0.61854,38.146,47981.281,0.91285,2718.811,0.71289,15903.571,0.30999,
S3 等量调配,406,66599.057,0.61849,38.151,47979.698,0.91282,2715.787,0.7121,15903.571,0.30999,
S3 等量调配,407,66593.973,0.61845,38.155,47978.265,0.91279,2712.137,0.71114,15903.571,0.30999,
S3 等量调配,408,66589.871,0.61841,38.159,47975.126,0.91273,2711.174,0.71089,15903.571,0.30999,
S3 等量调配,409,66586.234,0.61837,38.163,47972.628,0.91268,2710.035,0.71059,15903.571,0.30999,
S3 等量调配,410,66581.939,0.61833,38.167,47971.788,0.91267,2706.579,0.70968,15903.571,0.30999,
S3 等量调配,411,66577.701,0.6183,38.17,47970.293,0.91264,2703.837,0.70897,15903.571,0.30999,
S3 等量调配,412,66573.32,0.61825,38.175,47969.206,0.91262,2700.542,0.7081,15903.571,0.30999,
S3 等量调配,413,66569.408,0.61822,38.178,47968.722,0.91261,2697.114,0.7072,15903.571,0.30999,
S3 等量调配,414,66565.112,0.61818,38.182,47967.96,0.9126,2693.581,0.70628,15903.571,0.30999,
S3 等量调配,415,66560.364,0.61813,38.187,47964.065,0.91252,2692.728,0.70605,15903.571,0.30999,
S3 等量调配,416,66554.214,0.61808,38.192,47961.56,0.91247,2689.082,0.7051,15903.571,0.30999,
S3 等量调配,417,66550.087,0.61804,38.196,47960.637,0.91246,2685.879,0.70426,15903.571,0.30999,
S3 等量调配,418,66547.122,0.61801,38.199,47960.15,0.91245,2683.4,0.70361,15903.571,0.30999,
S3 等量调配,419,66542.943,0.61797,38.203,47958.684,0.91242,2680.688,0.7029,15903.571,0.30999,
S3 等量调配,420,66539.417,0.61794,38.206,47957.937,0.9124,2677.909,0.70217,15903.571,0.30999,
S3 等量调配,421,66535.936,0.61791,38.209,47955.064,0.91235,2677.301,0.70201,15903.571,0.30999,
S3 等量调配,422,66531.895,0.61787,38.213,47953.348,0.91232,2674.977,0.7014,15903.571,0.30999,
S3 等量调配,423,66527.942,0.61783,38.217,47951.59,0.91228,2672.781,0.70082,15903.571,0.30999,
S3 等量调配,424,66524.189,0.6178,38.22,47950.919,0.91227,2669.698,0.70001,15903.571,0.30999,
S3 等量调配,425,66520.321,0.61776,38.224,47950.317,0.91226,2666.432,0.69916,15903.571,0.30999,
S3 等量调配,426,66515.04,0.61771,38.229,47948.621,0.91223,2662.847,0.69822,15903.571,0.30999,
S3 等量调配,427,66510.777,0.61767,38.233,47945.468,0.91217,2661.738,0.69793,15903.571,0.30999,
S3 等量调配,428,66506.515,0.61763,38.237,47944.48,0.91215,2658.463,0.69707,15903.571,0.30999,
S3 等量调配,429,66502.991,0.6176,38.24,47942.591,0.91211,2656.829,0.69664,15903.571,0.30999,
S3 等量调配,430,66498.679,0.61756,38.244,47941.898,0.9121,2653.21,0.69569,15903.571,0.30999,
S3 等量调配,431,66494.874,0.61753,38.247,47941.339,0.91209,2649.964,0.69484,15903.571,0.30999,
S3 等量调配,432,66490.125,0.61748,38.252,47939.439,0.91205,2647.115,0.69409,15903.571,0.30999,
S3 等量调配,433,66486.644,0.61745,38.255,47938.681,0.91204,2644.391,0.69338,15903.571,0.30999,
S3 等量调配,434,66482.561,0.61741,38.259,47938.089,0.91203,2640.901,0.69246,15903.571,0.30999,
S3 等量调配,435,66479.071,0.61738,38.262,47937.544,0.91202,2637.955,0.69169,15903.571,0.30999,
S3 等量调配,436,66475.31,0.61734,38.266,47936.996,0.91201,2634.742,0.69085,15903.571,0.30999,
S3 等量调配,437,66471.764,0.61731,38.269,47935.519,0.91198,2632.674,0.69031,15903.571,0.30999,
S3 等量调配,438,66467.719,0.61727,38.273,47934.618,0.91196,2629.53,0.68948,15903.571,0.30999,
S3 等量调配,439,66463.229,0.61723,38.277,47931.083,0.91189,2628.575,0.68923,15903.571,0.30999,
S3 等量调配,440,66458.471,0.61719,38.281,47929.346,0.91186,2625.555,0.68844,15903.571,0.30999,
S3 等量调配,441,66454.981,0.61716,38.284,47928.797,0.91185,2622.612,0.68767,15903.571,0.30999,
S3 等量调配,442,66451.43,0.61712,38.288,47928.212,0.91184,2619.647,0.68689,15903.571,0.30999,
S3 等量调配,443,66447.603,0.61709,38.291,47927.488,0.91183,2616.544,0.68608,15903.571,0.30999,
S3 等量调配,444,66443.671,0.61705,38.295,47926.697,0.91181,2613.403,0.68525,15903.571,0.30999,
S3 等量调配,445,66439.977,0.61702,38.298,47924.633,0.91177,2611.772,0.68482,15903.571,0.30999,
S3 等量调配,446,66436.109,0.61698,38.302,47923.624,0.91175,2608.914,0.68408,15903.571,0.30999,
S3 等量调配,447,66431.086,0.61693,38.307,47919.968,0.91168,2607.547,0.68372,15903.571,0.30999,
S3 等量调配,448,66427.369,0.6169,38.31,47919.342,0.91167,2604.456,0.68291,15903.571,0.30999,
S3 等量调配,449,66423.645,0.61686,38.314,47919.066,0.91166,2601.007,0.682,15903.571,0.30999,
S3 等量调配,450,66419.967,0.61683,38.317,47917.288,0.91163,2599.108,0.6815,15903.571,0.30999,
S3 等量调配,451,66416.028,0.61679,38.321,47916.421,0.91161,2596.036,0.6807,15903.571,0.30999,
S3 等量调配,452,66411.881,0.61676,38.324,47914.751,0.91158,2593.558,0.68005,15903.571,0.30999,
S3 等量调配,453,66408.957,0.61673,38.327,47914.327,0.91157,2591.058,0.67939,15903.571,0.30999,
S3 等量调配,454,66405.706,0.6167,38.33,47914.501,0.91158,2587.634,0.6785,15903.571,0.30999,
S3 等量调配,455,66402.44,0.61667,38.333,47913.68,0.91156,2585.188,0.67785,15903.571,0.30999,
S3 等量调配,456,66398.675,0.61663,38.337,47913.473,0.91156,2581.631,0.67692,15903.571,0.30999,
S3 等量调配,457,66395.296,0.6166,38.34,47913.209,0.91155,2578.516,0.6761,15903.571,0.30999,
S3 等量调配,458,66391.906,0.61657,38.343,47913.157,0.91155,2575.178,0.67523,15903.571,0.30999,
S3 等量调配,459,66387.802,0.61653,38.347,47910.508,0.9115,2573.723,0.67485,15903.571,0.30999,
S3 等量调配,460,66384.13,0.6165,38.35,47907.828,0.91145,2572.731,0.67459,15903.571,0.30999,
S3 等量调配,461,66381.18,0.61647,38.353,47907.936,0.91145,2569.672,0.67379,15903.571,0.30999,
S3 等量调配,462,66377.429,0.61644,38.356,47906.959,0.91143,2566.899,0.67306,15903.571,0.30999,
S3 等量调配,463,66373.896,0.6164,38.36,47906.406,0.91142,2563.919,0.67228,15903.571,0.30999,
S3 等量调配,464,66370.214,0.61637,38.363,47904.921,0.9114,2561.722,0.6717,15903.571,0.30999,
S3 等量调配,465,66366.016,0.61633,38.367,47901.006,0.91132,2561.438,0.67163,15903.571,0.30999,
S3 等量调配,466,66362.375,0.6163,38.37,47900.503,0.91131,2558.3,0.6708,15903.571,0.30999,
S3 等量调配,467,66358.778,0.61626,38.374,47900.507,0.91131,2554.699,0.66986,15903.571,0.30999,
S3 等量调配,468,66355.244,0.61623,38.377,47900.148,0.91131,2551.524,0.66903,15903.571,0.30999,
S3 等量调配,469,66351.738,0.6162,38.38,47898.475,0.91127,2549.691,0.66855,15903.571,0.30999,
S3 等量调配,470,66348.071,0.61616,38.384,47897.798,0.91126,2546.701,0.66776,15903.571,0.30999,
S3 等量调配,471,66344.037,0.61613,38.387,47896.451,0.91123,2544.014,0.66706,15903.571,0.30999,
S3 等量调配,472,66340.356,0.61609,38.391,47896.321,0.91123,2540.464,0.66613,15903.571,0.30999,
S3 等量调配,473,66336.017,0.61605,38.395,47895.034,0.91121,2537.412,0.66533,15903.571,0.30999,
S3 等量调配,474,66331.657,0.61601,38.399,47892.293,0.91116,2535.793,0.6649,15903.571,0.30999,
S3 等量调配,475,66327.443,0.61597,38.403,47890.634,0.91112,2533.237,0.66423,15903.571,0.30999,
S3 等量调配,476,66323.969,0.61594,38.406,47890.57,0.91112,2529.828,0.66334,15903.571,0.30999,30%
S3 等量调配,477,66320.208,0.6159,38.41,47887.902,0.91107,2528.734,0.66305,15903.571,0.30999,
S3 等量调配,478,66316.461,0.61587,38.413,47887.795,0.91107,2525.095,0.6621,15903.571,0.30999,
S3 等量调配,479,66313.409,0.61584,38.416,47884.664,0.91101,2525.174,0.66212,15903.571,0.30999,
S3 等量调配,480,66310.032,0.61581,38.419,47884.077,0.911,2522.383,0.66139,15903.571,0.30999,
S3 等量调配,481,66306.738,0.61578,38.422,47881.58,0.91095,2521.587,0.66118,15903.571,0.30999,
S3 等量调配,482,66302.746,0.61574,38.426,47880.963,0.91094,2518.212,0.66029,15903.571,0.30999,
S3 等量调配,483,66300.302,0.61572,38.428,47880.831,0.91094,2515.899,0.65969,15903.571,0.30999,
S3 等量调配,484,66296.804,0.61569,38.431,47880.135,0.91092,2513.098,0.65895,15903.571,0.30999,
S3 等量调配,485,66293.384,0.61565,38.435,47878.349,0.91089,2511.464,0.65852,15903.571,0.30999,
S3 等量调配,486,66289.872,0.61562,38.438,47875.808,0.91084,2510.493,0.65827,15903.571,0.30999,
S3 等量调配,487,66287.194,0.6156,38.44,47876.177,0.91085,2507.445,0.65747,15903.571,0.30999,
S3 等量调配,488,66284.444,0.61557,38.443,47875.398,0.91083,2505.475,0.65695,15903.571,0.30999,
S3 等量调配,489,66281.016,0.61554,38.446,47875.029,0.91083,2502.415,0.65615,15903.571,0.30999,
S3 等量调配,490,66277.751,0.61551,38.449,47874.047,0.91081,2500.132,0.65555,15903.571,0.30999,
S3 等量调配,491,66274.428,0.61548,38.452,47872.71,0.91078,2498.147,0.65503,15903.571,0.30999,
S3 等量调配,492,66271.032,0.61545,38.455,47870.742,0.91075,2496.718,0.65466,15903.571,0.30999,
S3 等量调配,493,66267.836,0.61542,38.458,47870.276,0.91074,2493.989,0.65394,15903.571,0.30999,
S3 等量调配,494,66264.924,0.61539,38.461,47867.036,0.91068,2494.317,0.65403,15903.571,0.30999,
S3 等量调配,495,66260.991,0.61535,38.465,47866.445,0.91066,2490.975,0.65315,15903.571,0.30999,
S3 等量调配,496,66257.632,0.61532,38.468,47865.997,0.91066,2488.063,0.65239,15903.571,0.30999,
S3 等量调配,497,66253.737,0.61529,38.471,47864.782,0.91063,2485.384,0.65169,15903.571,0.30999,
S3 等量调配,498,66250.188,0.61525,38.475,47864.894,0.91063,2481.723,0.65073,15903.571,0.30999,
S3 等量调配,499,66246.351,0.61522,38.478,47864.115,0.91062,2478.664,0.64992,15903.571,0.30999,
S3 等量调配,500,66243.407,0.61519,38.481,47861.416,0.91057,2478.419,0.64986,15903.571,0.30999,
S3 等量调配,501,66239.371,0.61515,38.485,47860.964,0.91056,2474.835,0.64892,15903.571,0.30999,
S3 等量调配,502,66235.601,0.61512,38.488,47860.329,0.91055,2471.701,0.6481,15903.571,0.30999,
S3 等量调配,503,66231.929,0.61508,38.492,47858.334,0.91051,2470.024,0.64766,15903.571,0.30999,
S3 等量调配,504,66228.532,0.61505,38.495,47858.13,0.91051,2466.831,0.64682,15903.571,0.30999,
S3 等量调配,505,66224.517,0.61502,38.498,47857.019,0.91048,2463.927,0.64606,15903.571,0.30999,
S3 等量调配,506,66221.084,0.61498,38.502,47855.016,0.91045,2462.496,0.64568,15903.571,0.30999,
S3 等量调配,507,66217.225,0.61495,38.505,47853.84,0.91042,2459.813,0.64498,15903.571,0.30999,
S3 等量调配,508,66213.98,0.61492,38.508,47853.361,0.91041,2457.048,0.64426,15903.571,0.30999,
S3 等量调配,509,66210.844,0.61489,38.511,47852.255,0.91039,2455.018,0.64372,15903.571,0.30999,
S3 等量调配,510,66207.836,0.61486,38.514,47851.331,0.91038,2452.933,0.64318,15903.571,0.30999,
S3 等量调配,511,66204.398,0.61483,38.517,47851.533,0.91038,2449.294,0.64222,15903.571,0.30999,
S3 等量调配,512,66200.809,0.61479,38.521,47848.931,0.91033,2448.307,0.64196,15903.571,0.30999,
S3 等量调配,513,66198.112,0.61477,38.523,47849.223,0.91034,2445.317,0.64118,15903.571,0.30999,
S3 等量调配,514,66194.272,0.61473,38.527,47848.462,0.91032,2442.239,0.64037,15903.571,0.30999,
S3 等量调配,515,66191.082,0.6147,38.53,47845.999,0.91027,2441.511,0.64018,15903.571,0.30999,
S3 等量调配,516,66187.876,0.61467,38.533,47845.401,0.91026,2438.904,0.6395,15903.571,0.30999,
S3 等量调配,517,66184.41,0.61464,38.536,47842.918,0.91022,2437.92,0.63924,15903.571,0.30999,
S3 等量调配,518,66181.426,0.61461,38.539,47841.772,0.91019,2436.082,0.63876,15903.571,0.30999,
S3 等量调配,519,66178.003,0.61458,38.542,47840.442,0.91017,2433.989,0.63821,15903.571,0.30999,
S3 等量调配,520,66174.505,0.61455,38.545,47837.81,0.91012,2433.123,0.63798,15903.571,0.30999,
S3 等量调配,521,66171.716,0.61452,38.548,47837.677,0.91012,2430.468,0.63729,15903.571,0.30999,
S3 等量调配,522,66168.673,0.6145,38.55,47837.515,0.91011,2427.586,0.63653,15903.571,0.30999,
S3 等量调配,523,66165.546,0.61447,38.553,47835.283,0.91007,2426.692,0.6363,15903.571,0.30999,
S3 等量调配,524,66162.097,0.61444,38.556,47834.053,0.91005,2424.473,0.63571,15903.571,0.30999,
S3 等量调配,525,66158.618,0.6144,38.56,47833.046,0.91003,2422.0,0.63507,15903.571,0.30999,
S3 等量调配,526,66154.975,0.61437,38.563,47832.691,0.91002,2418.712,0.6342,15903.571,0.30999,
S3 等量调配,527,66151.822,0.61434,38.566,47833.196,0.91003,2415.054,0.63324,15903.571,0.30999,
S3 等量调配,528,66148.22,0.61431,38.569,47830.977,0.90999,2413.672,0.63288,15903.571,0.30999,
S3 等量调配,529,66145.599,0.61428,38.572,47828.036,0.90993,2413.991,0.63297,15903.571,0.30999,
S3 等量调配,530,66143.1,0.61426,38.574,47827.92,0.90993,2411.608,0.63234,15903.571,0.30999,
S3 等量调配,531,66139.954,0.61423,38.577,47827.187,0.90992,2409.196,0.63171,15903.571,0.30999,
S3 等量调配,532,66135.636,0.61419,38.581,47825.711,0.90989,2406.354,0.63096,15903.571,0.30999,
S3 等量调配,533,66132.939,0.61416,38.584,47824.871,0.90987,2404.496,0.63048,15903.571,0.30999,
S3 等量调配,534,66128.855,0.61413,38.587,47824.053,0.90986,2401.231,0.62962,15903.571,0.30999,
S3 等量调配,535,66125.796,0.6141,38.59,47824.289,0.90986,2397.936,0.62876,15903.571,0.30999,
S3 等量调配,536,66122.5,0.61407,38.593,47822.434,0.90983,2396.494,0.62838,15903.571,0.30999,
S3 等量调配,537,66119.433,0.61404,38.596,47822.558,0.90983,2393.303,0.62754,15903.571,0.30999,
S3 等量调配,538,66116.446,0.61401,38.599,47823.044,0.90984,2389.831,0.62663,15903.571,0.30999,
S3 等量调配,539,66113.299,0.61398,38.602,47820.081,0.90978,2389.647,0.62658,15903.571,0.30999,
S3 等量调配,540,66109.844,0.61395,38.605,47817.45,0.90973,2388.822,0.62637,15903.571,0.30999,
S3 等量调配,541,66106.509,0.61392,38.608,47816.988,0.90972,2385.949,0.62561,15903.571,0.30999,
S3 等量调配,542,66104.411,0.6139,38.61,47815.976,0.9097,2384.863,0.62533,15903.571,0.30999,
S3 等量调配,543,66100.599,0.61386,38.614,47815.539,0.9097,2381.489,0.62444,15903.571,0.30999,
S3 等量调配,544,66097.615,0.61384,38.616,47815.526,0.9097,2378.518,0.62366,15903.571,0.30999,
S3 等量调配,545,66093.69,0.6138,38.62,47815.199,0.90969,2374.92,0.62272,15903.571,0.30999,
S3 等量调配,546,66090.939,0.61377,38.623,47813.615,0.90966,2373.753,0.62241,15903.571,0.30999,
S3 等量调配,547,66087.923,0.61375,38.625,47813.325,0.90965,2371.026,0.6217,15903.571,0.30999,
S3 等量调配,548,66086.19,0.61373,38.627,47812.87,0.90964,2369.749,0.62136,15903.571,0.30999,
S3 等量调配,549,66084.466,0.61371,38.629,47812.445,0.90964,2368.45,0.62102,15903.571,0.30999,
S3 等量调配,550,66080.704,0.61368,38.632,47810.872,0.90961,2366.261,0.62045,15903.571,0.30999,
S3 等量调配,551,66077.817,0.61365,38.635,47810.663,0.9096,2363.583,0.61975,15903.571,0.30999,
S3 等量调配,552,66075.14,0.61363,38.637,47810.92,0.90961,2360.649,0.61898,15903.571,0.30999,
S3 等量调配,553,66072.252,0.6136,38.64,47809.395,0.90958,2359.285,0.61862,15903.571,0.30999,
S3 等量调配,554,66069.284,0.61357,38.643,47808.642,0.90956,2357.07,0.61804,15903.571,0.30999,
S3 等量调配,555,66066.286,0.61355,38.645,47806.583,0.90952,2356.132,0.61779,15903.571,0.30999,
S3 等量调配,556,66063.863,0.61352,38.648,47804.962,0.90949,2355.33,0.61758,15903.571,0.30999,
S3 等量调配,557,66061.736,0.6135,38.65,47805.839,0.90951,2352.325,0.6168,15903.571,0.30999,
S3 等量调配,558,66058.941,0.61348,38.652,47805.808,0.90951,2349.562,0.61607,15903.571,0.30999,
S3 等量调配,559,66056.416,0.61345,38.655,47804.717,0.90949,2348.128,0.6157,15903.571,0.30999,
S3 等量调配,560,66052.923,0.61342,38.658,47803.723,0.90947,2345.629,0.61504,15903.571,0.30999,
S3 等量调配,561,66049.526,0.61339,38.661,47803.583,0.90947,2342.371,0.61419,15903.571,0.30999,
S3 等量调配,562,66046.764,0.61336,38.664,47802.741,0.90945,2340.452,0.61368,15903.571,0.30999,
S3 等量调配,563,66042.902,0.61333,38.667,47799.678,0.90939,2339.653,0.61347,15903.571,0.30999,
S3 等量调配,564,66039.526,0.6133,38.67,47798.982,0.90938,2336.973,0.61277,15903.571,0.30999,
S3 等量调配,565,66036.396,0.61327,38.673,47799.103,0.90938,2333.722,0.61192,15903.571,0.30999,
S3 等量调配,566,66032.493,0.61323,38.677,47798.582,0.90937,2330.339,0.61103,15903.571,0.30999,
S3 等量调配,567,66030.315,0.61321,38.679,47797.635,0.90935,2329.109,0.61071,15903.571,0.30999,
S3 等量调配,568,66027.46,0.61319,38.681,47796.277,0.90933,2327.612,0.61032,15903.571,0.30999,
S3 等量调配,569,66024.671,0.61316,38.684,47795.814,0.90932,2325.286,0.60971,15903.571,0.30999,
S3 等量调配,570,66021.162,0.61313,38.687,47793.382,0.90927,2324.208,0.60942,15903.571,0.30999,
S3 等量调配,571,66017.485,0.61309,38.691,47793.263,0.90927,2320.651,0.60849,15903.571,0.30999,
S3 等量调配,572,66014.391,0.61306,38.694,47791.84,0.90924,2318.979,0.60805,15903.571,0.30999,
S3 等量调配,573,66011.214,0.61303,38.697,47788.878,0.90919,2318.764,0.608,15903.571,0.30999,
S3 等量调配,574,66008.575,0.61301,38.699,47788.937,0.90919,2316.067,0.60729,15903.571,0.30999,
S3 等量调配,575,66005.065,0.61298,38.702,47786.606,0.90914,2314.888,0.60698,15903.571,0.30999,
S3 等量调配,576,66002.098,0.61295,38.705,47785.122,0.90912,2313.404,0.60659,15903.571,0.30999,
S3 等量调配,577,65998.371,0.61291,38.709,47783.544,0.90909,2311.255,0.60603,15903.571,0.30999,
S3 等量调配,578,65996.54,0.6129,38.71,47784.441,0.9091,2308.528,0.60531,15903.571,0.30999,
S3 等量调配,579,65993.322,0.61287,38.713,47784.041,0.9091,2305.71,0.60457,15903.571,0.30999,
S3 等量调配,580,65990.429,0.61284,38.716,47784.515,0.90911,2302.343,0.60369,15903.571,0.30999,
S3 等量调配,581,65987.439,0.61281,38.719,47781.881,0.90906,2301.986,0.6036,15903.571,0.30999,
S3 等量调配,582,65984.585,0.61279,38.721,47780.376,0.90903,2300.637,0.60324,15903.571,0.30999,
S3 等量调配,583,65982.757,0.61277,38.723,47779.697,0.90901,2299.489,0.60294,15903.571,0.30999,
S3 等量调配,584,65979.86,0.61274,38.726,47779.792,0.90902,2296.496,0.60216,15903.571,0.30999,
S3 等量调配,585,65976.812,0.61271,38.729,47777.838,0.90898,2295.403,0.60187,15903.571,0.30999,
S3 等量调配,586,65973.874,0.61269,38.731,47777.151,0.90897,2293.151,0.60128,15903.571,0.30999,
S3 等量调配,587,65971.381,0.61266,38.734,47777.637,0.90897,2290.173,0.6005,15903.571,0.30999,
S3 等量调配,588,65969.276,0.61264,38.736,47778.149,0.90898,2287.555,0.59981,15903.571,0.30999,
S3 等量调配,589,65967.689,0.61263,38.737,47779.324,0.90901,2284.794,0.59909,15903.571,0.30999,
S3 等量调配,590,65965.244,0.61261,38.739,47778.907,0.909,2282.766,0.59856,15903.571,0.30999,
S3 等量调配,591,65963.247,0.61259,38.741,47778.486,0.90899,2281.19,0.59814,15903.571,0.30999,
S3 等量调配,592,65960.649,0.61256,38.744,47776.674,0.90896,2280.403,0.59794,15903.571,0.30999,
S3 等量调配,593,65958.044,0.61254,38.746,47776.797,0.90896,2277.676,0.59722,15903.571,0.30999,
S3 等量调配,594,65956.273,0.61252,38.748,47774.95,0.90892,2277.752,0.59724,15903.571,0.30999,
S3 等量调配,595,65954.293,0.61251,38.749,47775.839,0.90894,2274.882,0.59649,15903.571,0.30999,
S3 等量调配,596,65950.345,0.61247,38.753,47773.212,0.90889,2273.562,0.59614,15903.571,0.30999,
S3 等量调配,597,65947.885,0.61245,38.755,47774.183,0.90891,2270.131,0.59524,15903.571,0.30999,
S3 等量调配,598,65944.767,0.61242,38.758,47774.049,0.90891,2267.147,0.59446,15903.571,0.30999,
S3 等量调配,599,65942.177,0.61239,38.761,47772.897,0.90888,2265.708,0.59408,15903.571,0.30999,
S3 等量调配,600,65939.629,0.61237,38.763,47771.805,0.90886,2264.253,0.5937,15903.571,0.30999,
S3 等量调配,601,65936.219,0.61234,38.766,47768.523,0.9088,2264.125,0.59367,15903.571,0.30999,
S3 等量调配,602,65933.384,0.61231,38.769,47768.283,0.9088,2261.53,0.59299,15903.571,0.30999,
S3 等量调配,603,65931.074,0.61229,38.771,47767.844,0.90879,2259.658,0.5925,15903.571,0.30999,
S3 等量调配,604,65930.391,0.61228,38.772,47768.5,0.9088,2258.32,0.59215,15903.571,0.30999,
S3 等量调配,605,65927.004,0.61225,38.775,47766.526,0.90876,2256.906,0.59178,15903.571,0.30999,
S3 等量调配,606,65924.309,0.61223,38.777,47765.262,0.90874,2255.476,0.5914,15903.571,0.30999,
S3 等量调配,607,65922.835,0.61221,38.779,47766.116,0.90876,2253.148,0.59079,15903.571,0.30999,
S3 等量调配,608,65920.545,0.61219,38.781,47764.63,0.90873,2252.344,0.59058,15903.571,0.30999,
S3 等量调配,609,65918.15,0.61217,38.783,47764.167,0.90872,2250.411,0.59007,15903.571,0.30999,
S3 等量调配,610,65916.28,0.61215,38.785,47763.21,0.9087,2249.498,0.58983,15903.571,0.30999,
S3 等量调配,611,65914.919,0.61214,38.786,47763.662,0.90871,2247.685,0.58936,15903.571,0.30999,
S3 等量调配,612,65912.049,0.61211,38.789,47763.271,0.9087,2245.206,0.58871,15903.571,0.30999,
S3 等量调配,613,65909.51,0.61209,38.791,47761.837,0.90867,2244.102,0.58842,15903.571,0.30999,
S3 等量调配,614,65907.257,0.61207,38.793,47762.047,0.90868,2241.639,0.58777,15903.571,0.30999,
S3 等量调配,615,65904.496,0.61204,38.796,47762.664,0.90869,2238.26,0.58689,15903.571,0.30999,
S3 等量调配,616,65900.84,0.61201,38.799,47761.564,0.90867,2235.704,0.58622,15903.571,0.30999,
S3 等量调配,617,65898.051,0.61198,38.802,47758.923,0.90862,2235.557,0.58618,15903.571,0.30999,
S3 等量调配,618,65895.943,0.61196,38.804,47757.215,0.90859,2235.156,0.58607,15903.571,0.30999,
S3 等量调配,619,65892.972,0.61194,38.806,47755.285,0.90855,2234.116,0.5858,15903.571,0.30999,
S3 等量调配,620,65890.512,0.61191,38.809,47755.51,0.90855,2231.431,0.5851,15903.571,0.30999,
S3 等量调配,621,65887.16,0.61188,38.812,47753.418,0.90851,2230.171,0.58477,15903.571,0.30999,
S3 等量调配,622,65884.285,0.61186,38.814,47752.762,0.9085,2227.952,0.58418,15903.571,0.30999,
S3 等量调配,623,65882.002,0.61183,38.817,47752.713,0.9085,2225.717,0.5836,15903.571,0.30999,
S3 等量调配,624,65878.743,0.6118,38.82,47749.949,0.90845,2225.222,0.58347,15903.571,0.30999,
S3 等量调配,625,65876.634,0.61178,38.822,47751.12,0.90847,2221.942,0.58261,15903.571,0.30999,
S3 等量调配,626,65874.902,0.61177,38.823,47750.577,0.90846,2220.754,0.5823,15903.571,0.30999,
S3 等量调配,627,65871.106,0.61173,38.827,47746.742,0.90839,2220.792,0.58231,15903.571,0.30999,
S3 等量调配,628,65868.546,0.61171,38.829,47745.54,0.90836,2219.435,0.58195,15903.571,0.30999,
S3 等量调配,629,65866.921,0.61169,38.831,47745.515,0.90836,2217.835,0.58153,15903.571,0.30999,
S3 等量调配,630,65865.197,0.61168,38.832,47743.755,0.90833,2217.871,0.58154,15903.571,0.30999,
S3 等量调配,631,65863.311,0.61166,38.834,47743.098,0.90832,2216.642,0.58122,15903.571,0.30999,
S3 等量调配,632,65861.011,0.61164,38.836,47743.775,0.90833,2213.665,0.58044,15903.571,0.30999,
S3 等量调配,633,65859.225,0.61162,38.838,47743.839,0.90833,2211.814,0.57995,15903.571,0.30999,
S3 等量调配,634,65859.656,0.61163,38.837,47744.24,0.90834,2211.845,0.57996,15903.571,0.30999,
S3 等量调配,635,65856.782,0.6116,38.84,47744.764,0.90835,2208.446,0.57907,15903.571,0.30999,40%
S3 等量调配,636,65853.679,0.61157,38.843,47742.712,0.90831,2207.396,0.57879,15903.571,0.30999,
S3 等量调配,637,65850.999,0.61155,38.845,47742.963,0.90831,2204.464,0.57803,15903.571,0.30999,
S3 等量调配,638,65849.611,0.61153,38.847,47740.749,0.90827,2205.291,0.57824,15903.571,0.30999,
S3 等量调配,639,65847.719,0.61152,38.848,47741.312,0.90828,2202.835,0.5776,15903.571,0.30999,
S3 等量调配,640,65845.46,0.61149,38.851,47741.754,0.90829,2200.135,0.57689,15903.571,0.30999,
S3 等量调配,641,65843.145,0.61147,38.853,47740.178,0.90826,2199.396,0.5767,15903.571,0.30999,
S3 等量调配,642,65839.871,0.61144,38.856,47738.493,0.90823,2197.806,0.57628,15903.571,0.30999,
S3 等量调配,643,65839.472,0.61144,38.856,47738.937,0.90824,2196.963,0.57606,15903.571,0.30999,
S3 等量调配,644,65834.633,0.61139,38.861,47736.562,0.90819,2194.5,0.57541,15903.571,0.30999,
S3 等量调配,645,65832.224,0.61137,38.863,47735.719,0.90818,2192.934,0.575,15903.571,0.30999,
S3 等量调配,646,65828.939,0.61134,38.866,47735.611,0.90817,2189.756,0.57417,15903.571,0.30999,
S3 等量调配,647,65826.412,0.61132,38.868,47734.425,0.90815,2188.416,0.57382,15903.571,0.30999,
S3 等量调配,648,65824.519,0.6113,38.87,47732.659,0.90812,2188.289,0.57378,15903.571,0.30999,
S3 等量调配,649,65821.813,0.61128,38.872,47732.477,0.90812,2185.764,0.57312,15903.571,0.30999,
S3 等量调配,650,65818.378,0.61124,38.876,47732.519,0.90812,2182.287,0.57221,15903.571,0.30999,
S3 等量调配,651,65817.328,0.61123,38.877,47733.454,0.90813,2180.303,0.57169,15903.571,0.30999,
S3 等量调配,652,65814.965,0.61121,38.879,47733.284,0.90813,2178.11,0.57112,15903.571,0.30999,
S3 等量调配,653,65811.388,0.61118,38.882,47733.263,0.90813,2174.554,0.57018,15903.571,0.30999,
S3 等量调配,654,65808.719,0.61115,38.885,47730.38,0.90808,2174.767,0.57024,15903.571,0.30999,
S3 等量调配,655,65806.387,0.61113,38.887,47729.557,0.90806,2173.259,0.56984,15903.571,0.30999,
S3 等量调配,656,65804.42,0.61111,38.889,47728.138,0.90803,2172.711,0.5697,15903.571,0.30999,
S3 等量调配,657,65801.813,0.61109,38.891,47727.801,0.90803,2170.441,0.5691,15903.571,0.30999,
S3 等量调配,658,65799.364,0.61107,38.893,47726.82,0.90801,2168.973,0.56872,15903.571,0.30999,
S3 等量调配,659,65795.864,0.61103,38.897,47725.588,0.90798,2166.705,0.56813,15903.571,0.30999,
S3 等量调配,660,65793.858,0.61102,38.898,47725.872,0.90799,2164.414,0.56752,15903.571,0.30999,
S3 等量调配,661,65791.767,0.611,38.9,47723.173,0.90794,2165.023,0.56768,15903.571,0.30999,
S3 等量调配,662,65789.918,0.61098,38.902,47723.975,0.90795,2162.371,0.56699,15903.571,0.30999,
S3 等量调配,663,65786.147,0.61094,38.906,47721.593,0.90791,2160.983,0.56662,15903.571,0.30999,
S3 等量调配,664,65783.63,0.61092,38.908,47720.428,0.90789,2159.631,0.56627,15903.571,0.30999,
S3 等量调配,665,65782.065,0.61091,38.909,47721.092,0.9079,2157.402,0.56569,15903.571,0.30999,
S3 等量调配,666,65779.954,0.61089,38.911,47721.571,0.90791,2154.812,0.56501,15903.571,0.30999,
S3 等量调配,667,65778.827,0.61088,38.912,47722.638,0.90793,2152.618,0.56443,15903.571,0.30999,
S3 等量调配,668,65777.162,0.61086,38.914,47721.747,0.90791,2151.843,0.56423,15903.571,0.30999,
S3 等量调配,669,65775.289,0.61084,38.916,47722.015,0.90792,2149.702,0.56367,15903.571,0.30999,
S3 等量调配,670,65773.958,0.61083,38.917,47721.846,0.90791,2148.54,0.56336,15903.571,0.30999,
S3 等量调配,671,65773.124,0.61082,38.918,47723.377,0.90794,2146.176,0.56274,15903.571,0.30999,
S3 等量调配,672,65771.234,0.61081,38.919,47723.174,0.90794,2144.488,0.5623,15903.571,0.30999,
S3 等量调配,673,65769.799,0.61079,38.921,47721.848,0.90791,2144.38,0.56227,15903.571,0.30999,
S3 等量调配,674,65767.505,0.61077,38.923,47720.131,0.90788,2143.802,0.56212,15903.571,0.30999,
S3 等量调配,675,65766.741,0.61076,38.924,47720.719,0.90789,2142.451,0.56177,15903.571,0.30999,
S3 等量调配,676,65764.831,0.61075,38.925,47721.486,0.90791,2139.774,0.56106,15903.571,0.30999,
S3 等量调配,677,65761.849,0.61072,38.928,47722.025,0.90792,2136.253,0.56014,15903.571,0.30999,
S3 等量调配,678,65758.935,0.61069,38.931,47720.587,0.90789,2134.777,0.55975,15903.571,0.30999,
S3 等量调配,679,65755.56,0.61066,38.934,47718.569,0.90785,2133.419,0.5594,15903.571,0.30999,
S3 等量调配,680,65753.574,0.61064,38.936,47717.724,0.90783,2132.279,0.5591,15903.571,0.30999,
S3 等量调配,681,65752.482,0.61063,38.937,47715.785,0.9078,2133.126,0.55932,15903.571,0.30999,
S3 等量调配,682,65751.995,0.61063,38.937,47716.854,0.90782,2131.569,0.55891,15903.571,0.30999,
S3 等量调配,683,65749.361,0.6106,38.94,47714.462,0.90777,2131.328,0.55885,15903.571,0.30999,
S3 等量调配,684,65747.87,0.61059,38.941,47715.388,0.90779,2128.91,0.55822,15903.571,0.30999,
S3 等量调配,685,65745.041,0.61056,38.944,47713.5,0.90775,2127.97,0.55797,15903.571,0.30999,
S3 等量调配,686,65743.109,0.61054,38.946,47713.165,0.90775,2126.373,0.55755,15903.571,0.30999,
S3 等量调配,687,65742.062,0.61053,38.947,47712.868,0.90774,2125.622,0.55735,15903.571,0.30999,
S3 等量调配,688,65739.852,0.61051,38.949,47710.69,0.9077,2125.591,0.55734,15903.571,0.30999,
S3 等量调配,689,65738.147,0.6105,38.95,47710.766,0.9077,2123.81,0.55688,15903.571,0.30999,
S3 等量调配,690,65736.695,0.61048,38.952,47710.483,0.9077,2122.641,0.55657,15903.571,0.30999,
S3 等量调配,691,65734.242,0.61046,38.954,47709.247,0.90767,2121.423,0.55625,15903.571,0.30999,
S3 等量调配,692,65732.559,0.61045,38.955,47709.294,0.90767,2119.693,0.5558,15903.571,0.30999,
S3 等量调配,693,65730.335,0.61043,38.957,47707.171,0.90763,2119.593,0.55577,15903.571,0.30999,
S3 等量调配,694,65728.059,0.6104,38.96,47704.812,0.90759,2119.676,0.55579,15903.571,0.30999,
S3 等量调配,695,65726.288,0.61039,38.961,47705.204,0.9076,2117.513,0.55523,15903.571,0.30999,
S3 等量调配,696,65725.285,0.61038,38.962,47705.04,0.90759,2116.674,0.55501,15903.571,0.30999,
S3 等量调配,697,65724.174,0.61037,38.963,47703.408,0.90756,2117.194,0.55514,15903.571,0.30999,
S3 等量调配,698,65722.875,0.61036,38.964,47704.459,0.90758,2114.845,0.55453,15903.571,0.30999,
S3 等量调配,699,65718.798,0.61032,38.968,47704.089,0.90758,2111.138,0.55356,15903.571,0.30999,
S3 等量调配,700,65717.553,0.61031,38.969,47704.37,0.90758,2109.612,0.55315,15903.571,0.30999,
S3 等量调配,701,65717.072,0.6103,38.97,47703.522,0.90756,2109.978,0.55325,15903.571,0.30999,
S3 等量调配,702,65715.699,0.61029,38.971,47703.099,0.90756,2109.029,0.553,15903.571,0.30999,
S3 等量调配,703,65712.729,0.61026,38.974,47700.278,0.9075,2108.879,0.55296,15903.571,0.30999,
S3 等量调配,704,65709.836,0.61024,38.976,47698.899,0.90748,2107.366,0.55257,15903.571,0.30999,
S3 等量调配,705,65707.837,0.61022,38.978,47698.539,0.90747,2105.727,0.55214,15903.571,0.30999,
S3 等量调配,706,65706.571,0.61021,38.979,47699.047,0.90748,2103.953,0.55167,15903.571,0.30999,
S3 等量调配,707,65704.318,0.61018,38.982,47698.756,0.90747,2101.99,0.55116,15903.571,0.30999,
S3 等量调配,708,65703.673,0.61018,38.982,47700.769,0.90751,2099.333,0.55046,15903.571,0.30999,
S3 等量调配,709,65701.69,0.61016,38.984,47699.379,0.90749,2098.74,0.5503,15903.571,0.30999,
S3 等量调配,710,65701.072,0.61015,38.985,47700.486,0.90751,2097.015,0.54985,15903.571,0.30999,
S3 等量调配,711,65699.732,0.61014,38.986,47700.651,0.90751,2095.51,0.54946,15903.571,0.30999,
S3 等量调配,712,65698.126,0.61013,38.987,47700.038,0.9075,2094.517,0.5492,15903.571,0.30999,
S3 等量调配,713,65696.302,0.61011,38.989,47700.452,0.90751,2092.278,0.54861,15903.571,0.30999,
S3 等量调配,714,65693.037,0.61008,38.992,47700.895,0.90751,2088.571,0.54764,15903.571,0.30999,
S3 等量调配,715,65691.65,0.61007,38.993,47700.49,0.90751,2087.589,0.54738,15903.571,0.30999,
S3 等量调配,716,65689.98,0.61005,38.995,47699.713,0.90749,2086.696,0.54715,15903.571,0.30999,
S3 等量调配,717,65689.374,0.61005,38.995,47698.492,0.90747,2087.311,0.54731,15903.571,0.30999,
S3 等量调配,718,65687.652,0.61003,38.997,47699.043,0.90748,2085.038,0.54671,15903.571,0.30999,
S3 等量调配,719,65685.433,0.61001,38.999,47700.017,0.9075,2081.844,0.54587,15903.571,0.30999,
S3 等量调配,720,65681.99,0.60998,39.002,47696.671,0.90743,2081.747,0.54585,15903.571,0.30999,
S3 等量调配,721,65679.908,0.60996,39.004,47698.185,0.90746,2078.152,0.54491,15903.571,0.30999,
S3 等量调配,722,65677.624,0.60994,39.006,47697.671,0.90745,2076.382,0.54444,15903.571,0.30999,
S3 等量调配,723,65676.399,0.60992,39.008,47697.256,0.90745,2075.571,0.54423,15903.571,0.30999,
S3 等量调配,724,65675.75,0.60992,39.008,47694.87,0.9074,2077.308,0.54468,15903.571,0.30999,
S3 等量调配,725,65673.517,0.6099,39.01,47692.716,0.90736,2077.229,0.54466,15903.571,0.30999,
S3 等量调配,726,65671.954,0.60988,39.012,47691.956,0.90734,2076.427,0.54445,15903.571,0.30999,
S3 等量调配,727,65669.377,0.60986,39.014,47691.477,0.90734,2074.329,0.5439,15903.571,0.30999,
S3 等量调配,728,65672.796,0.60989,39.011,47694.993,0.9074,2074.232,0.54388,15903.571,0.30999,
S3 等量调配,729,65671.915,0.60988,39.012,47695.105,0.9074,2073.239,0.54362,15903.571,0.30999,
S3 等量调配,730,65669.9,0.60986,39.014,47692.702,0.90736,2073.627,0.54372,15903.571,0.30999,
S3 等量调配,731,65667.832,0.60985,39.015,47692.053,0.90735,2072.207,0.54335,15903.571,0.30999,
S3 等量调配,732,65664.876,0.60982,39.018,47689.669,0.9073,2071.636,0.5432,15903.571,0.30999,
S3 等量调配,733,65662.526,0.6098,39.02,47689.201,0.90729,2069.754,0.5427,15903.571,0.30999,
S3 等量调配,734,65660.958,0.60978,39.022,47690.849,0.90732,2066.538,0.54186,15903.571,0.30999,
S3 等量调配,735,65658.457,0.60976,39.024,47689.81,0.9073,2065.076,0.54148,15903.571,0.30999,
S3 等量调配,736,65655.886,0.60973,39.027,47686.81,0.90725,2065.505,0.54159,15903.571,0.30999,
S3 等量调配,737,65653.865,0.60972,39.028,47685.212,0.90722,2065.081,0.54148,15903.571,0.30999,
S3 等量调配,738,65651.461,0.60969,39.031,47686.237,0.90724,2061.653,0.54058,15903.571,0.30999,
S3 等量调配,739,65651.199,0.60969,39.031,47686.125,0.90723,2061.503,0.54054,15903.571,0.30999,
S3 等量调配,740,65649.554,0.60968,39.032,47684.357,0.9072,2061.625,0.54057,15903.571,0.30999,
S3 等量调配,741,65648.222,0.60966,39.034,47683.458,0.90718,2061.193,0.54046,15903.571,0.30999,
S3 等量调配,742,65647.108,0.60965,39.035,47683.843,0.90719,2059.693,0.54007,15903.571,0.30999,
S3 等量调配,743,65644.9,0.60963,39.037,47682.153,0.90716,2059.176,0.53993,15903.571,0.30999,
S3 等量调配,744,65641.991,0.60961,39.039,47681.139,0.90714,2057.281,0.53943,15903.571,0.30999,
S3 等量调配,745,65639.073,0.60958,39.042,47678.045,0.90708,2057.457,0.53948,15903.571,0.30999,
S3 等量调配,746,65638.504,0.60957,39.043,47677.975,0.90708,2056.958,0.53935,15903.571,0.30999,
S3 等量调配,747,65637.009,0.60956,39.044,47676.227,0.90704,2057.21,0.53941,15903.571,0.30999,
S3 等量调配,748,65636.023,0.60955,39.045,47674.986,0.90702,2057.466,0.53948,15903.571,0.30999,
S3 等量调配,749,65634.532,0.60954,39.046,47675.188,0.90703,2055.773,0.53904,15903.571,0.30999,
S3 等量调配,750,65631.517,0.60951,39.049,47675.176,0.90702,2052.769,0.53825,15903.571,0.30999,
S3 等量调配,751,65630.636,0.6095,39.05,47674.366,0.90701,2052.699,0.53823,15903.571,0.30999,
S3 等量调配,752,65628.877,0.60948,39.052,47675.38,0.90703,2049.926,0.5375,15903.571,0.30999,
S3 等量调配,753,65627.557,0.60947,39.053,47674.954,0.90702,2049.032,0.53727,15903.571,0.30999,
S3 等量调配,754,65626.359,0.60946,39.054,47673.806,0.907,2048.981,0.53726,15903.571,0.30999,
S3 等量调配,755,65623.881,0.60944,39.056,47674.278,0.90701,2046.031,0.53648,15903.571,0.30999,
S3 等量调配,756,65623.446,0.60943,39.057,47674.273,0.90701,2045.602,0.53637,15903.571,0.30999,
S3 等量调配,757,65620.926,0.60941,39.059,47672.331,0.90697,2045.024,0.53622,15903.571,0.30999,
S3 等量调配,758,65618.288,0.60939,39.061,47670.202,0.90693,2044.515,0.53609,15903.571,0.30999,
S3 等量调配,759,65616.281,0.60937,39.063,47668.613,0.9069,2044.097,0.53598,15903.571,0.30999,
S3 等量调配,760,65616.574,0.60937,39.063,47669.222,0.90691,2043.78,0.53589,15903.571,0.30999,
S3 等量调配,761,65615.314,0.60936,39.064,47668.047,0.90689,2043.695,0.53587,15903.571,0.30999,
S3 等量调配,762,65614.383,0.60935,39.065,47666.752,0.90686,2044.059,0.53597,15903.571,0.30999,
S3 等量调配,763,65613.654,0.60934,39.066,47667.238,0.90687,2042.844,0.53565,15903.571,0.30999,
S3 等量调配,764,65613.345,0.60934,39.066,47667.437,0.90688,2042.337,0.53552,15903.571,0.30999,
S3 等量调配,765,65610.096,0.60931,39.069,47665.566,0.90684,2040.958,0.53515,15903.571,0.30999,
S3 等量调配,766,65609.063,0.6093,39.07,47665.39,0.90684,2040.102,0.53493,15903.571,0.30999,
S3 等量调配,767,65608.171,0.60929,39.071,47666.633,0.90686,2037.967,0.53437,15903.571,0.30999,
S3 等量调配,768,65606.392,0.60927,39.073,47664.565,0.90682,2038.256,0.53444,15903.571,0.30999,
S3 等量调配,769,65604.811,0.60926,39.074,47664.946,0.90683,2036.293,0.53393,15903.571,0.30999,
S3 等量调配,770,65603.125,0.60924,39.076,47665.965,0.90685,2033.588,0.53322,15903.571,0.30999,
S3 等量调配,771,65600.695,0.60922,39.078,47666.73,0.90686,2030.393,0.53238,15903.571,0.30999,
S3 等量调配,772,65597.879,0.6092,39.08,47665.005,0.90683,2029.303,0.5321,15903.571,0.30999,
S3 等量调配,773,65594.97,0.60917,39.083,47663.127,0.9068,2028.272,0.53183,15903.571,0.30999,
S3 等量调配,774,65594.16,0.60916,39.084,47663.449,0.9068,2027.14,0.53153,15903.571,0.30999,
S3 等量调配,775,65593.574,0.60916,39.084,47662.584,0.90679,2027.419,0.5316,15903.571,0.30999,
S3 等量调配,776,65591.149,0.60913,39.087,47662.342,0.90678,2025.235,0.53103,15903.571,0.30999,
S3 等量调配,777,65590.795,0.60913,39.087,47663.846,0.90681,2023.377,0.53054,15903.571,0.30999,
S3 等量调配,778,65588.823,0.60911,39.089,47663.632,0.90681,2021.62,0.53008,15903.571,0.30999,
S3 等量调配,779,65587.342,0.6091,39.09,47665.614,0.90684,2018.156,0.52917,15903.571,0.30999,
S3 等量调配,780,65584.98,0.60908,39.092,47666.271,0.90686,2015.137,0.52838,15903.571,0.30999,
S3 等量调配,781,65584.125,0.60907,39.093,47667.67,0.90688,2012.883,0.52779,15903.571,0.30999,
S3 等量调配,782,65583.086,0.60906,39.094,47667.189,0.90687,2012.325,0.52765,15903.571,0.30999,
S3 等量调配,783,65580.857,0.60904,39.096,47666.65,0.90686,2010.635,0.5272,15903.571,0.30999,
S3 等量调配,784,65580.165,0.60903,39.097,47665.972,0.90685,2010.621,0.5272,15903.571,0.30999,
S3 等量调配,785,65579.546,0.60903,39.097,47663.484,0.9068,2012.491,0.52769,15903.571,0.30999,
S3 等量调配,786,65578.874,0.60902,39.098,47661.389,0.90676,2013.913,0.52806,15903.571,0.30999,
S3 等量调配,787,65577.427,0.60901,39.099,47662.447,0.90678,2011.409,0.52741,15903.571,0.30999,
S3 等量调配,788,65576.321,0.609,39.1,47664.412,0.90682,2008.338,0.5266,15903.571,0.30999,
S3 等量调配,789,65574.381,0.60898,39.102,47663.44,0.9068,2007.37,0.52635,15903.571,0.30999,
S3 等量调配,790,65575.015,0.60898,39.102,47664.625,0.90682,2006.819,0.5262,15903.571,0.30999,
S3 等量调配,791,65572.625,0.60896,39.104,47665.625,0.90684,2003.428,0.52531,15903.571,0.30999,
S3 等量调配,792,65572.549,0.60896,39.104,47666.516,0.90686,2002.461,0.52506,15903.571,0.30999,
S3 等量调配,793,65571.757,0.60895,39.105,47666.081,0.90685,2002.104,0.52497,15903.571,0.30999,50%
